dx,dy,dz,B_pred,az_pred,el_pred,pm_x,pm_y,pm_z,act_x,act_y,act_z
0.0,0.0,0.003,0.00011985616583842784,-0.014143814332783222,0.2805744707584381,-0.06232863519557194,-0.4357790063797244,-0.20963017989620206,-0.07247464186983196,-0.45715022074248124,-0.2796446140226203
0.00039983335416542663,0.0007986673331746252,0.002996250781184899,8.529519254807383e-05,1.7902538776397705,0.14369145035743713,-0.07464644150838677,-0.4244582287430594,-0.21256754769001054,-0.07247381131470479,-0.45714908475467864,-0.2796395475036668
0.0007986673331746252,0.0015893546463604897,0.0029850124958340774,6.820599810453132e-05,2.3565733432769775,0.04260295629501343,-0.09123404194150363,-0.41753513080796706,-0.21632953814837494,-0.07247381131470479,-0.45714908475467864,-0.2796395475036668
0.001195505059788794,0.0023641616532907167,0.002966313233808127,6.100493192207068e-05,2.6263160705566406,0.01377837359905243,-0.10774222114923568,-0.41394038857222326,-0.21997719170009733,-0.0724730376897694,-0.4571443885385956,-0.27962574407105345
0.0015893546463604897,0.0031153467384692044,0.002940199733523725,5.8966485084965825e-05,2.779118299484253,0.0027146190404891968,-0.1230292753111432,-0.41239326718543656,-0.22331656769232058,-0.07247419084218068,-0.45712030124839587,-0.27956870134350986
0.0019792316740361833,0.003835404308833624,0.002906737265131934,5.801676888950169e-05,2.90228533744812,-0.007579714059829712,-0.13690841377528776,-0.41240730683718596,-0.22637566137457762,-0.07247419084218068,-0.45712030124839587,-0.27956870134350986
0.0023641616532907167,0.004517139787160284,0.002866009467376818,5.828247230965644e-05,2.9649500846862793,-0.015930011868476868,-0.1492722816709736,-0.41313710389702185,-0.22916535526574594,-0.07546051868635051,-0.4528008132140066,-0.27234806879478357
0.002743182459643611,0.005153741497901529,0.0028181181385421366,5.672156112268567e-05,2.9519031047821045,-0.02341976761817932,-0.16012299191355067,-0.41362957435226483,-0.2317078988671396,-0.07546051868635051,-0.4528008132140066,-0.27234806879478357
0.0031153467384692044,0.005738848727196182,0.0027631829820086553,5.5461874580942094e-05,2.9320120811462402,-0.030333250761032104,-0.16962335211948598,-0.4138353640762385,-0.23402619561536292,-0.07546051868635051,-0.4528008132140066,-0.27234806879478357
0.003479724272889842,0.006266615277019868,0.002701341307058031,5.486915324581787e-05,2.8999807834625244,-0.03638838231563568,-0.17789758636052141,-0.4136519381137464,-0.23613710226519183,-0.07546051868635051,-0.4528008132140066,-0.27234806879478357
0.003835404308833624,0.0067317678784631725,0.0026327476856711184,5.5942080507520586e-05,2.852134943008423,-0.03929257392883301,-0.18503088699512782,-0.41295112250336785,-0.23802865482256033,-0.07546051868635051,-0.4528008132140066,-0.27234806879478357
0.004181497831445274,0.007129658880491483,0.0025575735661785173,5.72579083382152e-05,2.802669048309326,-0.042089611291885376,-0.1911282311348405,-0.41178490902408615,-0.23972591931053733,-0.07546051868635051,-0.4528008132140066,-0.27234806879478357
0.004517139787160284,0.007456312687737812,0.0024760068447290348,5.936338857281953e-05,2.755976438522339,-0.046777546405792236,-0.19629821686734492,-0.41024921074079773,-0.24127430671431177,-0.07546051868635051,-0.4528008132140066,-0.27234806879478357
0.0048414912458883165,0.007708465483337544,0.0023882513956471675,6.147455133032054e-05,2.706838846206665,-0.05125132203102112,-0.2006164901949379,-0.4083722867244241,-0.24268916789842832,-0.07546051868635051,-0.4528008132140066,-0.27234806879478357
0.005153741497901529,0.007883597839907682,0.002294526561853465,6.378580292221159e-05,2.6542179584503174,-0.05538834631443024,-0.20414077267868344,-0.4061712127537034,-0.24398258010115756,-0.07546051868635051,-0.4528008132140066,-0.27234806879478357
0.005453110080186673,0.007979959892832436,0.0021950666066214626,6.601418135687709e-05,2.6163697242736816,-0.05717509984970093,-0.20702672105448797,-0.4038482042889795,-0.24514165475218153,-0.07546051868635051,-0.4528008132140066,-0.27234806879478357
0.005738848727196182,0.00799658882433204,0.0020901201280414962,6.641015352215618e-05,2.600870370864868,-0.055745840072631836,-0.20947517678634564,-0.40164753754363924,-0.2461449447536408,-0.07546051868635051,-0.4528008132140066,-0.27234806879478357
0.006010243241122342,0.007933318483619748,0.001979949437654946,6.688435678370297e-05,2.575756788253784,-0.054459527134895325,-0.21147636021810437,-0.3994609099201758,-0.2470128129367991,-0.07546051868635051,-0.4528008132140066,-0.27234806879478357
0.006266615277019868,0.0077907810470255615,0.0018648299048119933,6.755358481314033e-05,2.5436325073242188,-0.05270510911941528,-0.21303205197806302,-0.39722254133272783,-0.24775603970950652,-0.07546051868635051,-0.4528008132140066,-0.27234806879478357
0.00650732403831499,0.007570400701499316,0.0017450492683916505,6.845404277555645e-05,2.5047175884246826,-0.05052350461483002,-0.21413891192054857,-0.3948812882619134,-0.2483845884937584,-0.1082699215588441,-0.4429113629165441,-0.26153860947611296
0.0067317678784631725,0.007274379414605454,0.0016209069176044194,6.979845056775957e-05,2.459477186203003,-0.048087865114212036,-0.21479016091884526,-0.39240235285776615,-0.24890924908056355,-0.1082699215588441,-0.4429113629165441,-0.26153860947611296
0.006939385804752136,0.006905674933190989,0.0014927131436751808,7.132651808205992e-05,2.408003568649292,-0.04524241387844086,-0.21497332998490495,-0.3897628703761522,-0.2493376948708112,-0.1082699215588441,-0.4429113629165441,-0.26153860947611296
0.007129658880491483,0.006467971230556721,0.001360788364276732,7.295791147043929e-05,2.3502681255340576,-0.04222230613231659,-0.2146695755842563,-0.3869511093006398,-0.24967942570331478,-0.1082699215588441,-0.4429113629165441,-0.26153860947611296
0.007302111522084169,0.00596564169741376,0.0012254623226524714,7.17266375431791e-05,2.268446922302246,-0.04800792038440704,-0.2136932686908798,-0.38383536967492154,-0.25004777155110536,-0.1082699215588441,-0.4429113629165441,-0.26153860947611296
0.007456312687737812,0.005403705444409205,0.0010870732634300202,7.041970093268901e-05,2.1804139614105225,-0.05414251983165741,-0.21201554220772872,-0.38047113765397367,-0.25044359699995145,-0.1082699215588441,-0.4429113629165441,-0.26153860947611296
0.007591876954844689,0.004787777152831653,0.000945967087185806,6.904942711116746e-05,2.086930751800537,-0.060577839612960815,-0.2096136908756455,-0.3769317855154659,-0.25086709267608287,-0.1082699215588441,-0.4429113629165441,-0.26153860947611296
0.007708465483337544,0.004124010974571713,0.0008024964858737621,6.762910925317556e-05,1.9888153076171875,-0.06726179271936417,-0.20647533246369013,-0.37330597885244665,-0.25131781127438974,-0.1082699215588441,-0.4429113629165441,-0.26153860947611296
0.007805786862613273,0.0034190390418706385,0.0006570200612791245,6.61729573039338e-05,1.8869503736495972,-0.0741392970085144,-0.20260238790404184,-0.36969408205891247,-0.2517947092573021,-0.1082699215588441,-0.4429113629165441,-0.26153860947611296
0.007883597839907682,0.0026799052012472374,0.0005099014287007225,6.492812826763839e-05,1.7893624305725098,-0.07863277196884155,-0.19809557413364598,-0.36621883512953246,-0.25226679979068567,-0.1082699215588441,-0.4429113629165441,-0.26153860947611296
0.007941703928300708,0.0019139946337118558,0.0003615083081020992,6.223843229236081e-05,1.7082233428955078,-0.0854048877954483,-0.19319750293272225,-0.3629995272016357,-0.25276120670746355,-0.1082699215588441,-0.4429113629165441,-0.26153860947611296
0.007979959892832436,0.0011289600644789376,0.00021221160500310872,5.953511572442949e-05,1.6265296936035156,-0.09222817420959473,-0.1879391755320651,-0.36008179839328075,-0.25327580242374853,-0.1082699215588441,-0.4429113629165441,-0.26153860947611296
0.007998270113514856,0.00033264529946632393,6.238448340927728e-05,5.6763135944493115e-05,1.567568302154541,-0.09960871189832687,-0.18262529385484488,-0.35750443835472057,-0.25381460181886023,-0.1082699215588441,-0.4429113629165441,-0.26153860947611296
0.00799658882433204,-0.0004669931474206407,-8.759856690386644e-05,5.718259490095079e-05,1.5135705471038818,-0.09763003885746002,-0.17732066898072874,-0.35525308256862226,-0.2542657073027508,-0.1082699215588441,-0.4429113629165441,-0.26153860947611296
0.007974920227631351,-0.0012619655531459892,-0.00023736266642020225,5.742779467254877e-05,1.4559612274169922,-0.0958762913942337,-0.17198412600648202,-0.35332755211113953,-0.2546422572512251,-0.1082699215588441,-0.4429113629165441,-0.26153860947611296
0.007933318483619748,-0.0020443288162146534,-0.0003865334828865746,5.6818651501089334e-05,1.380906105041504,-0.09557148069143295,-0.16642412105026122,-0.3517653867713342,-0.25497007124724785,-0.1082699215588441,-0.4429113629165441,-0.26153860947611296
0.007871887574991496,-0.0028062658215169587,-0.0005347381669484763,5.619895819108933e-05,1.3090444803237915,-0.09535034745931625,-0.16071573376136825,-0.3505778000800232,-0.25525597208455597,-0.1082699215588441,-0.4429113629165441,-0.26153860947611296
0.0077907810470255615,-0.0035401635463588195,-0.0006816062840792614,5.6898032198660076e-05,1.2584697008132935,-0.09262678027153015,-0.15512655683054394,-0.3496966246424257,-0.2554758397400819,-0.1082699215588441,-0.4429113629165441,-0.26153860947611296
0.007690201623802399,-0.004238689127267947,-0.0008267707404735388,5.763251829193905e-05,1.2109127044677734,-0.08984322100877762,-0.14968405392712864,-0.34910112257498066,-0.25563689109373455,-0.1082699215588441,-0.4429113629165441,-0.26153860947611296
0.007570400701499316,-0.004894863127541754,-0.0009698687005905108,5.806929402751848e-05,1.168474555015564,-0.08730312436819077,-0.14443461228124518,-0.3487585832661818,-0.25574901366238334,-0.1082699215588441,-0.4429113629165441,-0.26153860947611296
0.0074316777200309535,-0.005502129273471793,-0.0011105424940538614,5.851483001606539e-05,1.1357686519622803,-0.08633609861135483,-0.13946642894248884,-0.3486112296387833,-0.25583640993631696,-0.1082699215588441,-0.4429113629165441,-0.26153860947611296
0.007274379414605454,-0.006054419962463426,-0.0012484405096414273,5.799213977297768e-05,1.0846678018569946,-0.08769426494836807,-0.13456154741262036,-0.3487474981829574,-0.2559291490814915,-0.1082699215588441,-0.4429113629165441,-0.26153860947611296
0.007098898949067002,-0.006546216888515287,-0.0013832180741301394,5.7278783060610294e-05,1.0301876068115234,-0.0890372097492218,-0.1296929154406396,-0.34918040720961596,-0.25602641067676957,-0.1082699215588441,-0.4429113629165441,-0.26153860947611296
0.006905674933190989,-0.006972606179308706,-0.0015145383137995727,5.668948870152235e-05,0.9796627759933472,-0.0906522125005722,-0.1249124989875981,-0.34987842659891744,-0.25613082019899686,-0.1082699215588441,-0.4429113629165441,-0.26153860947611296
0.006695190326387982,-0.00732932749399564,-0.001642072996440813,5.6843331549316645e-05,0.9186414480209351,-0.09189606457948685,-0.12012862504642749,-0.35090775104440836,-0.2562371930684398,-0.1082699215588441,-0.4429113629165441,-0.26153860947611296
0.006467971230556721,-0.007612816591116128,-0.0017655033517660374,5.707285163225606e-05,0.8593114614486694,-0.09292463958263397,-0.11538292866388146,-0.3522499529588999,-0.25634278417250306,-0.1082699215588441,-0.4429113629165441,-0.26153860947611296
0.00622458557510337,-0.007820240941320776,-0.0018845208681682174,5.7213997934013605e-05,0.8048876523971558,-0.09377093613147736,-0.11073865929971417,-0.353858598836305,-0.25644556290409215,-0.1082699215588441,-0.4429113629165441,-0.26153860947611296
0.00596564169741376,-0.007949528029067716,-0.0019988280638394734,5.72653952986002e-05,0.7556492686271667,-0.094430111348629,-0.1062487893382629,-0.35568230494441927,-0.2565436864169042,-0.1082699215588441,-0.4429113629165441,-0.26153860947611296
0.005691786822326755,-0.007999386060512807,-0.002108139230320662,5.7226068747695535e-05,0.7118082642555237,-0.09489862620830536,-0.10195616698112113,-0.35766672862149423,-0.2566354921889686,-0.1082699215588441,-0.4429113629165441,-0.26153860947611296
0.005403705444409205,-0.007969316870686725,-0.0022121811466237376,5.7095974625553936e-05,0.6735085248947144,-0.09517458081245422,-0.0978940492770883,-0.3597564811711313,-0.25671949536761696,-0.1082699215588441,-0.4429113629165441,-0.26153860947611296
0.005102117617076029,-0.00785962090099466,-0.0023106937621419224,5.687556404154748e-05,0.6408262252807617,-0.09525752812623978,-0.0940869383698723,-0.3618968774560706,-0.25679438425247203,-0.1082699215588441,-0.4429113629165441,-0.26153860947611296
0.004787777152831653,-0.007671394197305108,-0.002403430846640801,5.656595021719113e-05,0.6137655973434448,-0.09514911472797394,-0.09055159407604123,-0.36403551936981265,-0.25685902377839265,-0.1082699215588441,-0.4429113629165441,-0.26153860947611296
0.004461469739131333,-0.007406517458621857,-0.0024901606057056674,5.700664041796699e-05,0.6080342531204224,-0.09601221978664398,-0.08740299207697932,-0.36597275458416506,-0.25692595879771263,-0.1082699215588441,-0.4429113629165441,-0.26153860947611296
0.004124010974571713,-0.0070676372457612255,-0.002570666260106842,5.752244032919407e-05,0.6152482628822327,-0.09712875634431839,-0.08468149334955659,-0.36760946491586477,-0.2569978642250118,-0.1082699215588441,-0.4429113629165441,-0.26153860947611296
0.003776244330319058,-0.006658139537791207,-0.002644746587634858,5.804718966828659e-05,0.6305491328239441,-0.09824762493371964,-0.08239155138715974,-0.3689058109587084,-0.2570741693500496,-0.1082699215588441,-0.4429113629165441,-0.26153860947611296
0.0034190390418706385,-0.006182115900447897,-0.002712216426051184,5.857664655195549e-05,0.6528698205947876,-0.09933392703533173,-0.08053295783299101,-0.3698391681227156,-0.2571539656234017,-0.1300844312727838,-0.38930921383192874,-0.259415401121047
0.0030532879364186536,-0.005644322604563136,-0.002772907135897391,5.852679896634072e-05,0.685063362121582,-0.1018514335155487,-0.07913212261223451,-0.3703683839580278,-0.25725349226262084,-0.1300844312727838,-0.38930921383192874,-0.259415401121047
0.0026799052012472374,-0.005050133102978567,-0.002826667022005975,5.7273166021332145e-05,0.7307208180427551,-0.10768458247184753,-0.07825022229322232,-0.3704351514410184,-0.25740894923856456,-0.1300844312727838,-0.38930921383192874,-0.259415401121047
0.002299824098740355,-0.004405484340781101,-0.002873361712659271,5.5344353313557804e-05,0.7844134569168091,-0.11201286315917969,-0.07790720156403735,-0.370044130351127,-0.25759608699401787,-0.1300844312727838,-0.38930921383192874,-0.259415401121047
0.0019139946337118558,-0.0037168174353100526,-0.002912874495448772,5.2171402785461396e-05,0.845272421836853,-0.11285331845283508,-0.0781208492641917,-0.36921553929669604,-0.2577705394583852,-0.1300844312727838,-0.38930921383192874,-0.259415401121047
0.0015233811788882164,-0.0029910133186418883,-0.0029451066089953622,5.0282833399251103e-05,0.9065070748329163,-0.11215629428625107,-0.07885502016981845,-0.36802989788107715,-0.25791595400145334,-0.1300844312727838,-0.38930921383192874,-0.259415401121047
0.0011289600644789376,-0.002235323985591407,-0.002969977489801336,5.622937169391662e-05,0.9156255722045898,-0.09422145038843155,-0.0795716903047142,-0.3669044171464243,-0.25783520010200367,-0.1300844312727838,-0.38930921383192874,-0.259415401121047
0.000731717137859494,-0.00145730003417676,-0.0029874249736171836,8.375472680199891e-05,0.8143903017044067,-0.03296348452568054,-0.07927399973533539,-0.3666454145423415,-0.2570489790177282,-0.1300844312727838,-0.38930921383192874,-0.259415401121047
0.00033264529946632393,-0.0006647152225399712,-0.0029974054508198384,9.943797340383753e-05,0.8067451119422913,0.09584346413612366,-0.0789799986919713,-0.36651327849834775,-0.25485184902639435,-0.1300844312727838,-0.38930921383192874,-0.259415401121047
-6.725797893719251e-05,0.00013451120387480482,-0.002999893975414026,0.00012998012243770063,-0.31684574484825134,0.23192161321640015,-0.07595884785123122,-0.3783538647455308,-0.25134880423654477,-0.1300844312727838,-0.38930921383192874,-0.259415401121047
-0.0004669931474206407,0.0009323936388039491,-0.0029948843273842596,0.00011383242235751823,-1.663855791091919,0.1375746726989746,-0.08519713839352798,-0.396765107279135,-0.24935079675639005,-0.1300844312727838,-0.38930921383192874,-0.259415401121047
-0.000865561076240867,0.0017209599047025243,-0.002982389028241639,8.056302613113075e-05,-2.4523284435272217,0.05045880377292633,-0.10126744554360735,-0.4088590674417832,-0.2486069836313544,-0.1300844312727838,-0.38930921383192874,-0.259415401121047
-0.0012619655531459892,0.0024923309081070297,-0.0029624393097265945,6.882919115014374e-05,-2.880568742752075,-0.01445607841014862,-0.11769424804313874,-0.41508948185331773,-0.24871167582209183,-0.1300844312727838,-0.38930921383192874,-0.259415401121047
-0.0016552157733871983,0.0032387993649327864,-0.0029350850357458026,6.888971256557852e-05,-2.9849162101745605,-0.04689928889274597,-0.13239132148296473,-0.4193767604854546,-0.249183195269425,-0.1300844312727838,-0.38930921383192874,-0.259415401121047
-0.0020443288162146534,0.003952906809108872,-0.0029003945777383825,7.300150173250586e-05,-2.879359483718872,-0.04961104691028595,-0.14506687717208067,-0.42435530225152057,-0.24962982300954756,-0.1300844312727838,-0.38930921383192874,-0.259415401121047
-0.0024283321016674345,0.004627518115105601,-0.002858454643782914,7.753170211799443e-05,-2.777331829071045,-0.04916098713874817,-0.1558543759704125,-0.42987025707771204,-0.2500175961417319,-0.1300844312727838,-0.38930921383192874,-0.259415401121047
-0.0028062658215169587,0.005255892789750313,-0.002809370061872389,8.263497875304893e-05,-2.6773858070373535,-0.04540249705314636,-0.16487934007015814,-0.43579307868258843,-0.2503149113344502,-0.1300844312727838,-0.38930921383192874,-0.259415401121047
-0.0031771853382876816,0.005831752321007012,-0.0027532635178988277,8.652991527924314e-05,-2.6013100147247314,-0.0425453782081604,-0.17239463076206407,-0.4417850904352024,-0.25054315273997,-0.1300844312727838,-0.38930921383192874,-0.259415401121047
-0.0035401635463588195,0.006349342910793225,-0.002690275249002441,8.612332749180496e-05,-2.6205432415008545,-0.043133288621902466,-0.17912161509191435,-0.44686401216326777,-0.2507508774177461,-0.1300844312727838,-0.38930921383192874,-0.259415401121047
-0.003894293189245598,0.006803492965028519,-0.0026205626930518133,8.569788042223081e-05,-2.6351873874664307,-0.043638676404953,-0.1851252573247636,-0.4511842588176122,-0.2509395826068774,-0.1300844312727838,-0.38930921383192874,-0.259415401121047
-0.004238689127267947,0.007189664766493016,-0.0025443000951312243,8.525355951860547e-05,-2.644913673400879,-0.044059574604034424,-0.19046293179641516,-0.45488628591038366,-0.25111056294867495,-0.1300844312727838,-0.38930921383192874,-0.259415401121047
-0.00457249054993875,0.007503999814197911,-0.0024616780720186824,8.479055395582691e-05,-2.649451732635498,-0.044394731521606445,-0.19518510243387402,-0.4580972961571164,-0.25126494315085207,-0.1300844312727838,-0.38930921383192874,-0.259415401121047
-0.004894863127541754,0.007743357376251893,-0.0023729031357432495,8.430918387603015e-05,-2.6485893726348877,-0.04464283585548401,-0.1993357321781993,-0.46093180542698425,-0.2514036976733597,-0.1300844312727838,-0.38930921383192874,-0.259415401121047
-0.0052050010965213386,0.007905345871016004,-0.0022781971774125235,8.381006045965478e-05,-2.642176389694214,-0.044803112745285034,-0.20295252602942768,-0.4634920501370412,-0.2515276750177126,-0.1300844312727838,-0.38930921383192874,-0.259415401121047
-0.005502129273471793,0.00798834676299684,-0.00217779691260042,8.329407864948735e-05,-2.6301231384277344,-0.0448748916387558,-0.20606705807560252,-0.46586831202545953,-0.2516376140497008,-0.1300844312727838,-0.38930921383192874,-0.259415401121047
-0.005785504992692097,0.007991530734718177,-0.0020719532896815228,8.276227890746668e-05,-2.612408399581909,-0.04485812783241272,-0.2087049155686484,-0.4681390761909599,-0.2517341644586949,-0.1300844312727838,-0.38930921383192874,-0.259415401121047
-0.006054419962463426,0.007914865972987054,-0.001960930862590836,8.230461389757693e-05,-2.5892598628997803,-0.04456248879432678,-0.2108870814720633,-0.4703693853260156,-0.2518156732985682,-0.1300844312727838,-0.38930921383192874,-0.259415401121047
-0.00630820203540956,0.0077591184867606905,-0.0018450071295767233,8.213699038606137e-05,-2.5612308979034424,-0.04352860152721405,-0.21263205664717416,-0.4726088022764971,-0.25187531632892024,-0.1300844312727838,-0.38930921383192874,-0.259415401121047
-0.006546216888515287,0.0075258444534381805,-0.0017244718395998057,8.199221338145435e-05,-2.5279343128204346,-0.042334094643592834,-0.21394933726469062,-0.47490169684409633,-0.25191383934328276,-0.1300844312727838,-0.38930921383192874,-0.259415401121047
-0.006767869608603572,0.007217374670050346,-0.001599626268111463,8.187013736460358e-05,-2.489597797393799,-0.04098455607891083,-0.21484404407228022,-0.4772811789311624,-0.25193196369535237,-0.1300844312727838,-0.38930921383192874,-0.259415401121047
-0.006972606179308706,0.006836791264706244,-0.0014707824640220982,8.177020208677277e-05,-2.446510076522827,-0.03948725759983063,-0.21531776388795987,-0.4797692479897769,-0.25193040891320007,-0.1300844312727838,-0.38930921383192874,-0.259415401121047
-0.007159914865828668,0.006387896900987922,-0.0013382624697413784,8.083030115813017e-05,-2.404355049133301,-0.040460944175720215,-0.21541078523771107,-0.4823301722103063,-0.2519404237366979,-0.1300844312727838,-0.38930921383192874,-0.259415401121047
-0.00732932749399564,0.005875176782992907,-0.0012023975162399265,7.937488408060744e-05,-2.3710172176361084,-0.044981613755226135,-0.21522426622642912,-0.484866322541113,-0.2520020803111533,-0.1300844312727838,-0.38930921383192874,-0.259415401121047
-0.0074804206204675955,0.0053037538406574564,-0.0010635271951443934,7.81762064434588e-05,-2.340507984161377,-0.049882471561431885,-0.21480598622495428,-0.48734821591309374,-0.2521136135860105,-0.1300844312727838,-0.38930921383192874,-0.259415401121047
-0.007612816591116128,0.004679337543134094,-0.000921998609935258,7.6759431976825e-05,-2.31691575050354,-0.05597133934497833,-0.2142351238265687,-0.4897190191052899,-0.2522829027539084,-0.1300844312727838,-0.38930921383192874,-0.259415401121047
-0.007726184484965111,0.004008166851663077,-0.0007781655083688783,7.580846431665123e-05,-2.265895366668701,-0.062387824058532715,-0.21328213024047063,-0.492195141856444,-0.2525068185416462,-0.1300844312727838,-0.38930921383192874,-0.259415401121047
-0.007820240941320776,0.003296947881934053,-0.0006323873982923391,7.453893340425566e-05,-2.1051812171936035,-0.06528298556804657,-0.2109109288627076,-0.4954534867547641,-0.2527376688198085,-0.1300844312727838,-0.38930921383192874,-0.259415401121047
-0.007894750868025893,0.0025527868987948172,-0.00048502864906105954,7.324788020923734e-05,-1.9393378496170044,-0.06815044581890106,-0.20708321962485365,-0.4991625213155335,-0.25297429169980046,-0.1300844312727838,-0.38930921383192874,-0.259415401121047
-0.007949528029067716,0.0017831193128019674,-0.00033645758080516196,7.194426143541932e-05,-1.7699874639511108,-0.07095889747142792,-0.20181896247983774,-0.5029772129394368,-0.2532152992565787,-0.1300844312727838,-0.38930921383192874,-0.259415401121047
-0.007984435510071036,0.0009956353880564938,-0.00018704554382097498,6.993388524278998e-05,-1.5849714279174805,-0.07716843485832214,-0.19504243656114212,-0.5065583561687663,-0.25349983820616157,-0.1300844312727838,-0.38930921383192874,-0.259415401121047
-0.007999386060512807,0.00019820340362686212,-3.716599038867168e-05,6.745114660589024e-05,-1.3904213905334473,-0.08562995493412018,-0.18682247303768137,-0.5095137650917853,-0.25384890417555556,-0.1300844312727838,-0.38930921383192874,-0.259415401121047
-0.007994342311803024,-0.0006012089636944744,0.00011280645866392966,6.404765008483082e-05,-1.3016633987426758,-0.08622545748949051,-0.17858075448011057,-0.5118834323652983,-0.2541630239021693,-0.1300844312727838,-0.38930921383192874,-0.259415401121047
-0.007969316870686725,-0.0013946142497838511,0.00026249695031834184,6.154292350402102e-05,-1.2567247152328491,-0.08312196284532547,-0.17082542013222135,-0.5138210787057327,-0.25440326847896416,-0.1300844312727838,-0.38930921383192874,-0.259415401121047
-0.007924372287733706,-0.0021740850112875534,0.00041153133630272447,6.076182035030797e-05,-1.2137033939361572,-0.08168373256921768,-0.16352664724799718,-0.5153623276683507,-0.25459791351203165,-0.1300844312727838,-0.38930921383192874,-0.259415401121047
-0.00785962090099466,-0.002931833034015427,0.0005595371082677273,5.947952740825713e-05,-1.1740000247955322,-0.08409248292446136,-0.1566741807677996,-0.5165460714351302,-0.25479728675626356,-0.1300844312727838,-0.38930921383192874,-0.259415401121047
-0.007775224555214567,-0.0036602871502025708,0.0007061443288633536,5.44149661436677e-05,-1.1412655115127563,-0.09515629708766937,-0.1502993234187014,-0.5174240073096777,-0.2551016616352028,-0.1300844312727838,-0.38930921383192874,-0.259415401121047
-0.007671394197305108,-0.004352168887114958,0.0008509865563896788,5.278000753605738e-05,-1.0933926105499268,-0.0976589173078537,-0.14418956535622607,-0.5179498438256643,-0.25539865620954244,-0.1300844312727838,-0.38930921383192874,-0.259415401121047
-0.007548389349087251,-0.005000565191143068,0.0009937017607102635,5.634390254272148e-05,-1.0199846029281616,-0.08955655992031097,-0.13806422250406464,-0.5179998789986774,-0.25556562913608893,-0.1300844312727838,-0.38930921383192874,-0.259415401121047
-0.007406517458621857,-0.0055989975007483496,0.0011339332281389432,5.597423296421766e-05,-0.9337504506111145,-0.09091582149267197,-0.13184222506307017,-0.5174805707996346,-0.2557284039674357,-0.1300844312727838,-0.38930921383192874,-0.259415401121047
-0.007246133131749636,-0.00614148647810866,0.0012713304530382846,5.7318109611514956e-05,-0.8541844487190247,-0.08753863722085953,-0.12564203012102118,-0.5164457366882549,-0.25583228996898194,-0.1300844312727838,-0.38930921383192874,-0.259415401121047
-0.0070676372457612255,-0.00662261175268523,0.0014055500139011313,5.6620534451212734e-05,-0.8109557032585144,-0.08536814153194427,-0.1198117054486993,-0.5151976261740686,-0.255898409699413,-0.1300844312727838,-0.38930921383192874,-0.259415401121047
-0.006871475947412736,-0.00703756607977336,0.0015362564317255223,5.5322147090919316e-05,-0.7261295318603516,-0.0818815529346466,-0.11399133857202887,-0.513390854580566,-0.2559159445484656,-0.1300844312727838,-0.38930921383192874,-0.259415401121047
-0.006658139537791207,-0.007382203372902459,0.0016631230085374846,5.411844904301688e-05,-0.6493293046951294,-0.07859968394041061,-0.10829862154819597,-0.5111109430524143,-0.25589310091269135,-0.1300844312727838,-0.38930921383192874,-0.259415401121047
-0.006428161246817243,-0.007653080130161508,0.0017858326439658203,5.274076102068648e-05,-0.5906147956848145,-0.07631416618824005,-0.10288946919170602,-0.5085484665149267,-0.2558463381372091,-0.1300844312727838,-0.38930921383192874,-0.259415401121047
-0.006182115900447897,-0.007847489840531933,0.001904078627827904,5.160206637810916e-05,-0.5401885509490967,-0.0740683302283287,-0.09781258713037079,-0.5057978354568007,-0.25577898486398754,-0.1300844312727838,-0.38930921383192874,-0.259415401121047
-0.005920618483911155,-0.00796349002645102,0.0020175654067453976,5.208785296417773e-05,-0.5358790755271912,-0.07181201130151749,-0.09331750952762914,-0.5033350838788341,-0.25569338525126667,-0.1300844312727838,-0.38930921383192874,-0.259415401121047
-0.005644322604563136,-0.007999921652405628,0.00212600932287378,5.254313145997003e-05,-0.5327181816101074,-0.06962092965841293,-0.08934149657517722,-0.5011370364140639,-0.2555924860148935,-0.1300844312727838,-0.38930921383192874,-0.259415401121047
-0.005353918858210091,-0.007956420705631913,0.0022291393228992314,5.281875201035291e-05,-0.5294520258903503,-0.0679670199751854,-0.08582214980047935,-0.4991705559510127,-0.2554843897175057,-0.1300844312727838,-0.38930921383192874,-0.259415401121047
-0.005050133102978567,-0.007833421833210535,0.0023266976355307504,5.308853724272922e-05,-0.5275769829750061,-0.06630414724349976,-0.08271296020396875,-0.49742180925281104,-0.255369853195649,-0.1300844312727838,-0.38930921383192874,-0.259415401121047
-0.004733724645048075,-0.007632153999216712,0.0024184404157941474,5.253682320471853e-05,-0.5311517119407654,-0.06445099413394928,-0.0799967262488594,-0.49591965007094707,-0.2552474254882871,-0.1300844312727838,-0.38930921383192874,-0.259415401121047
-0.004405484340781101,-0.007354628205317406,0.0025041383545174795,5.143300222698599e-05,-0.541054368019104,-0.06080596148967743,-0.07766320997546071,-0.49469852393379243,-0.25509712585759114,-0.1300844312727838,-0.38930921383192874,-0.259415401121047
-0.004066232619994067,-0.007003617397507428,0.0025835772514845624,5.0235510570928454e-05,-0.5522708892822266,-0.05627270042896271,-0.07567516764390544,-0.4937374610184245,-0.2549119139262568,-0.1300844312727838,-0.38930921383192874,-0.259415401121047
-0.0037168174353100526,-0.0065826287597496634,0.0026565585508239583,4.895083839073777e-05,-0.5647313594818115,-0.050896838307380676,-0.07399997700806112,-0.4930169672037662,-0.2546861201936712,-0.1300844312727838,-0.38930921383192874,-0.259415401121047
-0.0033581121427188713,-0.006095868671352257,0.0027228998372952405,4.7740526497364044e-05,-0.5793820023536682,-0.04561905562877655,-0.07261599191154418,-0.492528497446323,-0.2544257436119643,-0.1300844312727838,-0.38930921383192874,-0.259415401121047
-0.0029910133186418883,-0.005548200678216979,0.0027824352922321076,4.7573543270118535e-05,-0.6042234301567078,-0.04267150163650513,-0.07155879822119088,-0.49234046815674504,-0.2541621594489951,-0.1300844312727838,-0.38930921383192874,-0.259415401121047
-0.0026164385189579253,-0.004945096897896266,0.0028350161080026824,4.7468318371102214e-05,-0.6276525855064392,-0.03916992247104645,-0.07078532989528528,-0.4923995242138078,-0.253889271226425,-0.1300844312727838,-0.38930921383192874,-0.259415401121047
-0.002235323985591407,-0.004292583344003479,0.002880510859951098,4.973256727680564e-05,-0.5959983468055725,-0.034186556935310364,-0.06989036249460938,-0.4921497663007936,-0.2535908634886048,-0.1300844312727838,-0.38930921383192874,-0.259415401121047
-0.0018486223063951311,-0.003597179716276799,0.002918805834890693,5.7306366215925664e-05,-0.4995308220386505,-0.018857434391975403,-0.06851139842940203,-0.49096965869157977,-0.25314897877636455,-0.1300844312727838,-0.38930921383192874,-0.259415401121047
-0.00145730003417676,-0.0028658342578946165,0.002949805315327754,7.477853796444833e-05,-0.37061065435409546,0.02342548966407776,-0.06666377844456586,-0.48856409793626243,-0.25226544816034424,-0.1300844312727838,-0.38930921383192874,-0.259415401121047
-0.0010623352708201339,-0.0021058543309264077,0.002973431818705407,9.445043542655185e-05,-0.43534430861473083,0.08116376399993896,-0.06536676724543208,-0.48712871774095967,-0.2508134206071773,-0.1300844312727838,-0.38930921383192874,-0.259415401121047
-0.0006647152225399712,-0.0013248334035864753,0.0029896262910696528,0.00011420572263887152,-0.5064870119094849,0.1436367928981781,-0.06467340285708628,-0.48656498944031323,-0.24880943241992282,-0.1300844312727838,-0.38930921383192874,-0.259415401121047
-0.00026543373238045455,-0.0005305751788096055,0.002998348254673498,0.00013513886369764805,-0.49192288517951965,0.2103120982646942,-0.06410353891575041,-0.4858559893709153,-0.2462781484916853,-0.1300844312727838,-0.38930921383192874,-0.259415401121047
0.00013451120387480482,0.00026898437776910777,0.0029995759091502455,0.00010276627290295437,0.7125992178916931,0.24833843111991882,-0.06510612338101905,-0.47241284874788986,-0.24361738433880645,-0.1300844312727838,-0.38930921383192874,-0.259415401121047
0.0005341199321724508,0.0010658563313595518,0.002993306186003052,7.877955067669973e-05,2.026287317276001,0.10167321562767029,-0.07969007734629606,-0.457544840315714,-0.24296417006626606,-0.1300844312727838,-0.38930921383192874,-0.259415401121047
0.0009323936388039491,0.0018520786008123116,0.002979554756274578,6.515564018627629e-05,2.4686906337738037,0.028295472264289856,-0.09654959574801655,-0.4476246594322457,-0.2432458568069582,-0.1300844312727838,-0.38930921383192874,-0.259415401121047
0.0013283368469196577,0.002619795513101544,0.0029583559913775375,6.030056101735681e-05,2.678471326828003,0.01002548635005951,-0.11270706861797958,-0.4409574720709687,-0.24370745776476518,-0.09834052224016823,-0.47528002302165495,-0.2546751595050839
0.0017209599047025243,0.0033613362946131272,0.0029297628771840704,5.832219176227227e-05,2.828819513320923,-0.0009344369173049927,-0.127590977606547,-0.4367169055429759,-0.24424189574333477,-0.09834052224016823,-0.47528002302165495,-0.2546751595050839
0.002109281458982234,0.004069291714979002,0.0028938468815886535,5.808569403598085e-05,2.9242169857025146,-0.010440051555633545,-0.14098049918870162,-0.43406210118284677,-0.24482341463842303,-0.09834052224016823,-0.47528002302165495,-0.2546751595050839
0.0024923309081070297,0.004736588117657796,0.002850697775875588,5.773657176177949e-05,2.9616291522979736,-0.01851041615009308,-0.15284831494537343,-0.4321551819366237,-0.24542956438344493,-0.09834052224016823,-0.47528002302165495,-0.2546751595050839
0.002869150827942403,0.005356558097572819,0.0028004234103375355,5.6260461860802025e-05,2.9459400177001953,-0.025812238454818726,-0.16325586975814102,-0.43029715870061935,-0.24604838631244264,-0.09834052224016823,-0.47528002302165495,-0.2546751595050839
0.0032387993649327864,0.0059230071196195895,0.002743149444705958,5.511621566256508e-05,2.923813819885254,-0.032517001032829285,-0.17235916975492838,-0.428409316957786,-0.2466713618256289,-0.09834052224016823,-0.47528002302165495,-0.2546751595050839
0.003600352590244941,0.0064302754124129675,0.0026790190340672303,5.516210512723774e-05,2.8842382431030273,-0.037568941712379456,-0.18025916609226653,-0.4262987813179167,-0.24727865163165724,-0.10554727573927658,-0.4657558238702449,-0.2519662669435292
0.003952906809108872,0.006873294518851975,0.0026081924710494747,5.633497494272888e-05,2.835444927215576,-0.04012468457221985,-0.18705145640364318,-0.42389392931210085,-0.24784294628480433,-0.10554727573927658,-0.4657558238702449,-0.2519662669435292
0.004295580819584094,0.0072476379384677015,0.0025308467851744773,5.79651168663986e-05,2.787238359451294,-0.04368911683559418,-0.19284429851442506,-0.42124520892072476,-0.24838119280044246,-0.10554727573927658,-0.4657558238702449,-0.2519662669435292
0.004627518115105601,0.007549565355552838,0.0024471753003760706,6.007286719977856e-05,2.7397263050079346,-0.04830671846866608,-0.19773471290702582,-0.41839922309600397,-0.2489088184811716,-0.10554727573927658,-0.4657558238702449,-0.2519662669435292
0.0049478890253041915,0.007776060011159808,0.0023573871517909833,6.218520138645545e-05,2.6897659301757812,-0.05270504951477051,-0.20179424833158718,-0.41536447650227354,-0.24942452389214836,-0.10554727573927658,-0.4657558238702449,-0.2519662669435292
0.005255892789750313,0.007924858845558963,0.002261706763029914,6.498791481135413e-05,2.6337273120880127,-0.05649419128894806,-0.2050623085310873,-0.4121143532161287,-0.24992261152159564,-0.10554727573927658,-0.4657558238702449,-0.2519662669435292
0.0055507595594381145,0.007994475109983343,0.0021603732852353806,6.619827763643116e-05,2.613485336303711,-0.05636879801750183,-0.20782119947968142,-0.40904877167372977,-0.2503594638696164,-0.10554727573927658,-0.4657558238702449,-0.2519662669435292
0.005831752321007012,0.007984213221730893,0.0020536399993284177,6.654767639702186e-05,2.5932161808013916,-0.05536605417728424,-0.21012820862331655,-0.4061474263941104,-0.250732180137613,-0.10554727573927658,-0.4657558238702449,-0.2519662669435292
0.0060981687388912895,0.007894175714196906,0.001941773682938171,6.708782893838361e-05,2.565727472305298,-0.05392119288444519,-0.21198800259100942,-0.40332203583675846,-0.25104329080986537,-0.10554727573927658,-0.4657558238702449,-0.2519662669435292
0.006349342910793225,0.0077252622123942195,0.0018250539435967638,6.782173295505345e-05,2.531283140182495,-0.05201175808906555,-0.2134006834463427,-0.40050134229232215,-0.2512947591477968,-0.10554727573927658,-0.4657558238702449,-0.2519662669435292
0.006584647032092044,0.007479160444197464,0.0017037725198660845,6.888500502100214e-05,2.490220546722412,-0.04975156486034393,-0.21436194475541853,-0.39763090400149537,-0.2514896412539855,-0.12840938932246554,-0.45574148029963,-0.2512236381186638
0.006803492965028519,0.007158329377124027,0.0015782325521433137,7.029238622635603e-05,2.442843437194824,-0.047175392508506775,-0.2148630192360388,-0.39467182053766064,-0.25163103168878237,-0.12840938932246554,-0.45574148029963,-0.2512236381186638
0.0070053337087430615,0.006765974649143467,0.001448747824967811,7.187965820776299e-05,2.3893606662750244,-0.04419794678688049,-0.21489045211924274,-0.3915991479124148,-0.2517206555192116,-0.12840938932246554,-0.45574148029963,-0.2512236381186638
0.007189664766493016,0.00630601653900253,0.001315641982723171,7.255297532537952e-05,2.323489189147949,-0.044126302003860474,-0.2143704098571805,-0.3883507096257388,-0.25179868706330605,-0.12840938932246554,-0.45574148029963,-0.2512236381186638
0.007356025406631765,0.005783050796095809,0.0011792477206948222,7.12949622538872e-05,2.2394988536834717,-0.05003434419631958,-0.21316691425102652,-0.3848543804023336,-0.25193640222074903,-0.12840938932246554,-0.45574148029963,-0.2512236381186638
0.007503999814197911,0.005202302721256935,0.0010399059535050775,6.996530282776803e-05,2.149545192718506,-0.05627560615539551,-0.2112527842597656,-0.38116713271505187,-0.2521305110690187,-0.12840938932246554,-0.45574148029963,-0.2512236381186638
0.007633218130236121,0.004569574957279898,0.0008979649630041186,6.857667176518589e-05,2.0544087886810303,-0.06280040740966797,-0.20860839632929726,-0.37736364053702126,-0.25237753163061405,-0.12840938932246554,-0.45574148029963,-0.2512236381186638
0.007743357376251893,0.003891189510830385,0.0007537795277467646,6.714268238283694e-05,1.9549314975738525,-0.06955587863922119,-0.20522584894866394,-0.37353329521243556,-0.25267377557387466,-0.12840938932246554,-0.45574148029963,-0.2512236381186638
0.0078341422614896,0.0031739245850448965,0.000607710036230833,6.572407437488437e-05,1.8528448343276978,-0.07610847800970078,-0.20112210873161276,-0.3697785297989252,-0.2530109322728091,-0.12840938932246554,-0.45574148029963,-0.2512236381186638
0.007905345871016004,0.002424946853965618,0.00046012158611359307,6.40268626739271e-05,1.7621853351593018,-0.0809006467461586,-0.19648218233107026,-0.366230705132195,-0.25336352580356725,-0.12840938932246554,-0.45574148029963,-0.2512236381186638
0.00795679023288941,0.0016517398555023729,0.0003113830716577589,6.132944690762088e-05,1.6807749271392822,-0.08769679814577103,-0.19145994281973133,-0.3629727969813911,-0.2537530405691872,-0.12840938932246554,-0.45574148029963,-0.2512236381186638
0.00798834676299684,0.0008620292183955384,0.00016186626168794658,5.86371315876022e-05,1.5996849536895752,-0.09456577897071838,-0.18609758964092515,-0.3600475970676285,-0.25417584699140294,-0.12840938932246554,-0.45574148029963,-0.2512236381186638
0.00799993658644735,6.370547028748453e-05,1.1944870362236553e-05,5.690614489139989e-05,1.5494332313537598,-0.09894828498363495,-0.18079357217978698,-0.35747617134118914,-0.2545989520918494,-0.12840938932246554,-0.45574148029963,-0.2512236381186638
0.007991530734718177,-0.0007352548018214531,-0.00013800637691861086,5.731966666644439e-05,1.4954038858413696,-0.0969560518860817,-0.17549762622918041,-0.3552414601754568,-0.2549480871886532,-0.12840938932246554,-0.45574148029963,-0.2512236381186638
0.007963150218060959,-0.001526868650993515,-0.00028761268012949344,5.722633795812726e-05,1.4300806522369385,-0.0957443118095398,-0.17008088109999908,-0.35335558540543816,-0.2552412144716609,-0.12840938932246554,-0.45574148029963,-0.2512236381186638
0.007914865972987054,-0.0023032265333205225,-0.00043650010142584064,5.660993338096887e-05,1.3565540313720703,-0.09550045430660248,-0.16447140702313967,-0.3518468978383067,-0.25549632638200404,-0.12840938932246554,-0.45574148029963,-0.2512236381186638
0.007846798684963196,-0.003056571337472073,-0.000584296499793484,5.63914145459421e-05,1.2911664247512817,-0.09451527893543243,-0.15879645153160032,-0.35070431719876927,-0.25570935029478725,-0.12840938932246554,-0.45574148029963,-0.2512236381186638
0.0077591184867606905,-0.0037793758911877293,-0.0007306324612073733,5.7149154599756e-05,1.2422314882278442,-0.09168113023042679,-0.1532577190574848,-0.3498665827830585,-0.25586379540691306,-0.12840938932246554,-0.45574148029963,-0.2512236381186638
0.007652044533212073,-0.004464418170294235,-0.0008751422219742795,5.7870820455718786e-05,1.1954466104507446,-0.08892851322889328,-0.14787094600885964,-0.34931456720591014,-0.2559676327253555,-0.12840938932246554,-0.45574148029963,-0.2512236381186638
0.0075258444534381805,-0.005104853458783602,-0.0010174645829515087,5.819382204208523e-05,1.156611680984497,-0.08680988848209381,-0.14271197248229983,-0.3490008478240614,-0.2560343172927912,-0.12840938932246554,-0.45574148029963,-0.2512236381186638
0.0073808336819147224,-0.005694282738952985,-0.0011572438123566655,5.847493594046682e-05,1.1226369142532349,-0.0868249163031578,-0.13781233578074636,-0.34889028645557907,-0.2560931748754357,-0.12840938932246554,-0.45574148029963,-0.2512236381186638
0.007217374670050346,-0.006226816628274388,-0.0012941305349118623,5.774071905761957e-05,1.0659359693527222,-0.08811996877193451,-0.13291409603894078,-0.349097253403513,-0.2561600637302889,-0.15571780550510753,-0.4201699762720935,-0.25405187703909193
0.007035875980246919,-0.006697134224157974,-0.001427782605099929,5.70875417906791e-05,1.012799620628357,-0.08959898352622986,-0.1280706469377513,-0.3495944813270424,-0.25623616212044126,-0.15571780550510753,-0.4201699762720935,-0.25405187703909193
0.006836791264706244,-0.0071005362686520366,-0.0015578659623500567,5.664325726684183e-05,0.9605613350868225,-0.0911160260438919,-0.1233015794865429,-0.35036901122282466,-0.25632080569153304,-0.15571780550510753,-0.4201699762720935,-0.25405187703909193
0.006620618131535865,-0.007432992101874958,-0.0016840554660152189,5.693027196684852e-05,0.8981620073318481,-0.0922618880867958,-0.11852312431280614,-0.35148651043914847,-0.2564086423050563,-0.15571780550510753,-0.4201699762720935,-0.25405187703909193
0.006387896900987922,-0.007691179935036455,-0.0018060357080544708,5.7130237109959126e-05,0.8404470086097717,-0.09322982281446457,-0.11380522660759579,-0.35290456535199083,-0.25649721468878134,-0.15571780550510753,-0.4201699762720935,-0.25405187703909193
0.006139209254939899,-0.007872520040653147,-0.0019235018013888056,5.724134825868532e-05,0.7877384424209595,-0.09401371330022812,-0.10920768310740847,-0.354574549283881,-0.256584289739916,-0.15571780550510753,-0.4201699762720935,-0.25405187703909193
0.005875176782992907,-0.007975200528332768,-0.0020361601419600374,5.726228846469894e-05,0.7402942180633545,-0.09460911899805069,-0.10478002948341318,-0.3564435856374822,-0.25666785107329426,-0.15571780550510753,-0.4201699762720935,-0.25405187703909193
0.0055964594288213446,-0.00799819544858409,-0.002143729142588076,5.719245382351801e-05,0.6983042359352112,-0.09501301497220993,-0.10056182274298568,-0.35845652157473124,-0.25674608940597904,-0.15571780550510753,-0.4201699762720935,-0.25405187703909193
0.0053037538406574564,-0.007941275043765062,-0.0022459399367921996,5.7031917094718665e-05,0.6618890762329102,-0.09522388130426407,-0.09658327493734573,-0.3605578015653773,-0.2568173951225038,-0.15571780550510753,-0.4201699762720935,-0.25405187703909193
0.00499779163003354,-0.0078050080437452605,-0.0023425370508172476,5.6781311286613345e-05,0.6310997009277344,-0.09524232149124146,-0.09286615799468588,-0.36269316638334387,-0.2568803589256161,-0.15571780550510753,-0.4201699762720935,-0.25405187703909193
0.004679337543134094,-0.007590755983344992,-0.002433279042184968,5.667872756021097e-05,0.6103746294975281,-0.09539773315191269,-0.08945484181802679,-0.3647687371993217,-0.2569375771345081,-0.15571780550510753,-0.4201699762720935,-0.25405187703909193
0.0043491875493287075,-0.007300659598329476,-0.0025179391031744515,5.7177698181476444e-05,0.6091640591621399,-0.0963689535856247,-0.086445701434432,-0.36660742028535437,-0.25699924024216003,-0.15571780550510753,-0.4201699762720935,-0.25405187703909193
0.004008166851663077,-0.0069376174358846505,-0.002596305627723337,5.76982565689832e-05,0.6195845603942871,-0.09750860929489136,-0.08386866253769984,-0.3681270486193153,-0.2570667751465043,-0.15571780550510753,-0.4201699762720935,-0.25405187703909193
0.003657127824281234,-0.006505256893291891,-0.0026681827403327463,5.8224824897479266e-05,0.6372932195663452,-0.09861666709184647,-0.08172311242992075,-0.3692982685104287,-0.25713910785376576,-0.15571780550510753,-0.4201699762720935,-0.25405187703909193
0.003296947881934053,-0.0060078979741734085,-0.002733390785654031,5.875543865840882e-05,0.661873996257782,-0.09969169646501541,-0.08000911427168642,-0.3701018034925593,-0.25721527669999905,-0.15571780550510753,-0.4201699762720935,-0.25405187703909193
0.0029285272868992884,-0.005450510124444,-0.0027917667775335855,5.8111370890401304e-05,0.6997230648994446,-0.1037922352552414,-0.07878184908359542,-0.3704696681170148,-0.2573300334575977,-0.15571780550510753,-0.4201699762720935,-0.25405187703909193
0.0025527868987948172,-0.004838662579250273,-0.002843164806393336,5.68394607398659e-05,0.747424840927124,-0.10968618094921112,-0.07807472763338338,-0.3703824003566582,-0.2574995860076926,-0.15571780550510753,-0.4201699762720935,-0.25405187703909193
0.002170665872909062,-0.004178468717013852,-0.002887456403928712,5.427765427157283e-05,0.8044018745422363,-0.11228837817907333,-0.07791881838434037,-0.36983512836837085,-0.25767905062544344,-0.15571780550510753,-0.4201699762720935,-0.25405187703909193
0.0017831193128019674,-0.0034765249765751484,-0.002924530864212492,5.141162546351552e-05,0.866936445236206,-0.1133672446012497,-0.07832173372778707,-0.3688670751236327,-0.25784952196634414,-0.15571780550510753,-0.4201699762720935,-0.25405187703909193
0.0013911158830434685,-0.0027398449477569003,-0.002954295520401971,5.0035654567182064e-05,0.9233461022377014,-0.1096247211098671,-0.07918497782628696,-0.36760124093480445,-0.25795602113416305,-0.15571780550510753,-0.4201699762720935,-0.25405187703909193
0.0009956353880564938,-0.001975789293892967,-0.0029766759763578104,6.526771903736517e-05,0.8838514089584351,-0.07587192207574844,-0.07956064415532133,-0.3667432283272244,-0.25765654864866655,-0.15571780550510753,-0.4201699762720935,-0.25405187703909193
0.0005976663231162783,-0.0011919922065135903,-0.002991616292595636,8.90954106580466e-05,0.8193946480751038,0.009650096297264099,-0.07930297366489993,-0.36645926628276776,-0.2563932584365255,-0.15571780550510753,-0.4201699762720935,-0.25405187703909193
0.00019820340362686212,-0.0003962851270269394,-0.0029990791261056194,0.00010277046385454014,0.5799790024757385,0.15564319491386414,-0.0773945711022878,-0.3684243838947486,-0.25358078547387086,-0.15571780550510753,-0.4201699762720935,-0.25405187703909193
-0.00020175492114928397,0.00040338150245451817,-0.0029990458236905547,0.00014110479969531298,-0.8961569666862488,0.2034980058670044,-0.07822641463068333,-0.38543623103921165,-0.25055496348933126,-0.15571780550510753,-0.4201699762720935,-0.25405187703909193
-0.0006012089636944744,0.0011990176773036187,-0.0029915164685891354,0.00010219727118965238,-1.9472253322601318,0.10812264680862427,-0.09039147096823122,-0.40227554841235436,-0.2489941962792425,-0.15571780550510753,-0.4201699762720935,-0.25405187703909193
-0.0009991602969340186,0.0019826736638636788,-0.002976509880267903,7.33889828552492e-05,-2.6434125900268555,0.02285057306289673,-0.10709611876599452,-0.4118660060407262,-0.2486159642865138,-0.15571780550510753,-0.4201699762720935,-0.25405187703909193
-0.0013946142497838511,0.0027465194305591896,-0.00295406356738238,6.857916014268994e-05,-2.9390311241149902,-0.028278499841690063,-0.12297718962427422,-0.4170693402490211,-0.24888126292558455,-0.15571780550510753,-0.4201699762720935,-0.25405187703909193
-0.0017865823933102712,0.0034829228829831456,-0.002924233634024968,7.032235589576885e-05,-2.948662519454956,-0.04801216721534729,-0.1369660200436284,-0.4215361394836217,-0.2493454379373713,-0.15571780550510753,-0.4201699762720935,-0.25405187703909193
-0.0021740850112875534,0.004184526121261595,-0.002887094639493929,7.436649320879951e-05,-2.8437082767486572,-0.05037681758403778,-0.14897703505980123,-0.42665577776395874,-0.24978154487965837,-0.15571780550510753,-0.4201699762720935,-0.25405187703909193
-0.002556153548978189,0.004844318957756808,-0.00284273941193398,7.924554665805772e-05,-2.744215726852417,-0.047909170389175415,-0.15915213983249077,-0.432254200634646,-0.25013648237978325,-0.15571780550510753,-0.4201699762720935,-0.25405187703909193
-0.002931833034015427,0.0054557089605450845,-0.00279127881631426,8.435604104306549e-05,-2.6427388191223145,-0.04411371052265167,-0.16759442622746495,-0.4382501576309345,-0.25040446752364076,-0.15571780550510753,-0.4201699762720935,-0.25405187703909193
-0.0033001844633367547,0.006012587322817205,-0.0027328414773236604,8.639527368359268e-05,-2.608267307281494,-0.042752236127853394,-0.1748254074532368,-0.4438773797271298,-0.2506243802233371,-0.15571780550510753,-0.4201699762720935,-0.25405187703909193
-0.0036602871502025708,0.006509389900056843,-0.0026675734578760824,8.598235581303015e-05,-2.6259984970092773,-0.043312638998031616,-0.18129221136084903,-0.44864979067394123,-0.2508244540426715,-0.15571780550510753,-0.4201699762720935,-0.25405187703909193
-0.0040112410254335915,0.006941152805133353,-0.0025956378940292135,8.555058593628928e-05,-2.639021396636963,-0.04378966987133026,-0.18705697622681644,-0.4527164745333235,-0.25100609497268944,-0.15571780550510753,-0.4201699762720935,-0.25405187703909193
-0.004352168887114958,0.007303562005821021,-0.0025172145872293574,8.50999858812429e-05,-2.6470305919647217,-0.04418198764324188,-0.19217455647628773,-0.45621283919119676,-0.2511705246693505,-0.15571780550510753,-0.4201699762720935,-0.25405187703909193
-0.004682218593144291,0.007592996429183157,-0.00243249955490144,8.463068661512807e-05,-2.649773120880127,-0.04448792338371277,-0.19669306393697747,-0.45926132916006757,-0.25131879873327734,-0.15571780550510753,-0.4201699762720935,-0.25405187703909193
-0.005000565191143068,0.00780656414213581,-0.002341704540507548,8.414326293859631e-05,-2.647057294845581,-0.04470661282539368,-0.20065422176327566,-0.46197190710459596,-0.2514518360319305,-0.15571780550510753,-0.4201699762720935,-0.25405187703909193
-0.005306412980407984,0.007942131246687257,-0.00224505648429854,8.36383769637905e-05,-2.63875412940979,-0.04483705759048462,-0.2040935645698165,-0.4644424129133631,-0.2515704335291004,-0.15571780550510753,-0.4201699762720935,-0.25405187703909193
-0.0055989975007483496,0.007998343201141355,-0.002142796956081597,8.31169163575396e-05,-2.6247973442077637,-0.044879212975502014,-0.20704055723572962,-0.46675883156964637,-0.25167529204845823,-0.15571780550510753,-0.4201699762720935,-0.25405187703909193
-0.005877587443238364,0.007974638354230394,-0.0020351815514215357,8.258011075668037e-05,-2.605184555053711,-0.04483252763748169,-0.20951871874849437,-0.46899547067320324,-0.2517670218764554,-0.15571780550510753,-0.4201699762720935,-0.25405187703909193
-0.00614148647810866,0.00787125355694893,-0.0019224792527849797,8.224572957260534e-05,-2.5804331302642822,-0.044232964515686035,-0.2115488554219053,-0.4712106926250681,-0.2518407361913657,-0.15571780550510753,-0.4201699762720935,-0.25405187703909193
-0.0063900349952080125,0.007689221796016925,-0.0018049717572243015,8.208576764445752e-05,-2.550611972808838,-0.04314452409744263,-0.21314596921040083,-0.47345269811765944,-0.2518928821877404,-0.15571780550510753,-0.4201699762720935,-0.25405187703909193
-0.00662261175268523,0.007430361872617923,-0.0016829527722816864,8.194868132704869e-05,-2.5155906677246094,-0.04189719259738922,-0.21431793691712883,-0.47576190031854726,-0.2519241900779037,-0.15571780550510753,-0.4201699762720935,-0.25405187703909193
-0.006838635429770271,0.007097260229538795,-0.0015567272818732233,8.183410682249814e-05,-2.475621223449707,-0.04049724340438843,-0.21506855018378304,-0.4781674779281061,-0.25193537551471157,-0.15571780550510753,-0.4201699762720935,-0.25405187703909193
-0.00703756607977336,0.006693245108288449,-0.0014266107839879776,8.174146205419675e-05,-2.4310128688812256,-0.03895191848278046,-0.21539840796153636,-0.48068758995238475,-0.25192715266318205,-0.15571780550510753,-0.4201699762720935,-0.25405187703909193
-0.0072189064796705895,0.006222353294408743,-0.0012929285021072913,8.009371958905831e-05,-2.3921170234680176,-0.042095720767974854,-0.21538435190598063,-0.4832431013688181,-0.2519566688278394,-0.15571780550510753,-0.4201699762720935,-0.25405187703909193
-0.007382203372902459,0.00568928978324784,-0.001156014572315484,7.899913907749578e-05,-2.359858512878418,-0.04647819697856903,-0.21510906943261426,-0.4857622085527439,-0.2520338677079359,-0.1385864780657187,-0.41892992323787137,-0.25652342736758926
-0.007527048602279263,0.005099380769201911,-0.001016211208133644,7.770736556267366e-05,-2.3327436447143555,-0.05190540850162506,-0.21463838329624438,-0.48819861231403777,-0.25216522420715015,-0.1385864780657187,-0.41892992323787137,-0.25652342736758926
-0.007653080130161508,0.004458520428141268,-0.0008738678451640315,7.626842125318944e-05,-2.3086585998535156,-0.05806483328342438,-0.2140155933482238,-0.4905315166837578,-0.25235277417034946,-0.1385864780657187,-0.41892992323787137,-0.25652342736758926
-0.007759982943365429,0.0037731120247535693,-0.00072934026768309,7.538448699051514e-05,-2.212519407272339,-0.06336259841918945,-0.21259941483263314,-0.4932957935538441,-0.2525796877117371,-0.1385864780657187,-0.41892992323787137,-0.25652342736758926
-0.007847489840531933,0.003050003933239521,-0.0005829897193660044,7.410671969410032e-05,-2.049903154373169,-0.06625181436538696,-0.20974559742935955,-0.4967345824393088,-0.25281310448024163,-0.1385864780657187,-0.41892992323787137,-0.25652342736758926
-0.007915382099990811,0.0022964212106218007,-0.00043518200036568035,7.281039142981172e-05,-1.882694959640503,-0.0691029354929924,-0.20543429157968657,-0.5005097620180622,-0.25305179297772407,-0.1385864780657187,-0.41892992323787137,-0.25652342736758926
-0.00796349002645102,0.001519893406363502,-0.00028628655300285197,7.150462624849752e-05,-1.7125407457351685,-0.0718846395611763,-0.19970716988815976,-0.5042757388261667,-0.25329430394965236,-0.1385864780657187,-0.41892992323787137,-0.25652342736758926
-0.007991693375150535,0.0007281793295987547,-0.00013667553835266578,6.909830699441954e-05,-1.5194830894470215,-0.08002683520317078,-0.1924205286427066,-0.5076842543690057,-0.2536027023624995,-0.1385864780657187,-0.41892992323787137,-0.25652342736758926
-0.007999921652405628,-7.081047432323101e-05,1.3277093964152357e-05,6.648656562902033e-05,-1.3399789333343506,-0.08735500276088715,-0.1839400235288846,-0.510382827364951,-0.2539595322430466,-0.1385864780657187,-0.41892992323787137,-0.25652342736758926
-0.007988154291808363,-0.0008690927633926381,0.00016319654046064233,6.310550816124305e-05,-1.2855091094970703,-0.08528361469507217,-0.1758628211496642,-0.5125975798910438,-0.25424939753449405,-0.1385864780657187,-0.41892992323787137,-0.25652342736758926
-0.007956420705631913,-0.001658691364854098,0.000312708080597096,6.1013684899080545e-05,-1.2415460348129272,-0.08260350674390793,-0.1682655775570968,-0.5143940540370318,-0.2544732321522437,-0.1385864780657187,-0.41892992323787137,-0.25652342736758926
-0.007904800211315184,-0.0024317168704883763,0.00046143801338727176,6.0782149375882e-05,-1.200145959854126,-0.08122995495796204,-0.16112608834285544,-0.5158106844989012,-0.25465418995061584,-0.1385864780657187,-0.41892992323787137,-0.25652342736758926
-0.007833421833210535,-0.0031804454649714893,0.0006090145914562564,5.78168110223487e-05,-1.1611154079437256,-0.08835926651954651,-0.15442523318895798,-0.5168777372796037,-0.2548965458872785,-0.1385864780657187,-0.41892992323787137,-0.25652342736758926
-0.007742463980090092,-0.003897396099684076,0.0007550689502152633,5.272186535876244e-05,-1.1314603090286255,-0.09853038191795349,-0.14821828000721876,-0.5176643516758228,-0.25522830146984454,-0.1385864780657187,-0.41892992323787137,-0.25652342736758926
-0.007632153999216712,-0.004575405240876511,0.0008992360298310447,5.3882686188444495e-05,-1.068408489227295,-0.09484384208917618,-0.14210002591846876,-0.5180272362067749,-0.2554773153437599,-0.1385864780657187,-0.41892992323787137,-0.25652342736758926
-0.007502767608094257,-0.005207698445329997,0.0010411554876853199,5.6417462474200875e-05,-0.991206705570221,-0.08961198478937149,-0.13594227085049043,-0.5178883323178535,-0.25563549504480737,-0.1385864780657187,-0.41892992323787137,-0.25652342736758926
-0.007354628205317406,-0.00578795804835396,0.0011804725990436726,5.577153933700174e-05,-0.9055823683738708,-0.0915086567401886,-0.12971425174781617,-0.5171829986410748,-0.25579679330605976,-0.15114089182552212,-0.44465947918113835,-0.25855177417465325
-0.007188106062243583,-0.006310386287803349,0.0013168391436826667,5.7073310017585754e-05,-0.8392013311386108,-0.08680640906095505,-0.12363810139558742,-0.5160687423564481,-0.2558839380478726,-0.15114089182552212,-0.44465947918113835,-0.25855177417465325
-0.007003617397507428,-0.006769763233401365,0.0014499142762590177,5.617286660708487e-05,-0.7819275856018066,-0.08419184386730194,-0.11780552251500795,-0.5146300782872892,-0.2559301467579863,-0.15114089182552212,-0.44465947918113835,-0.25855177417465325
-0.006801623336690931,-0.0071614989425574545,0.001579365378245484,5.4914329666644335e-05,-0.6990532875061035,-0.08072949200868607,-0.11201864223618833,-0.512653220203318,-0.25593043857581227,-0.15114089182552212,-0.44465947918113835,-0.25855177417465325
-0.0065826287597496634,-0.007481679321556322,0.0017048688893039252,5.363436503103003e-05,-0.6288271546363831,-0.07782695442438126,-0.1064194467789092,-0.5102703032811444,-0.25589684236071125,-0.15114089182552212,-0.44465947918113835,-0.25855177417465325
-0.006347181039075817,-0.007727105233888564,0.001826111116017656,5.2319948736112565e-05,-0.5724213123321533,-0.07555463165044785,-0.10111864603876616,-0.5076317135470957,-0.25584076966536107,-0.15114089182552212,-0.44465947918113835,-0.25855177417465325
-0.006095868671352257,-0.007895324464965195,0.001942789015961632,5.1768714911304414e-05,-0.5386120080947876,-0.07330271601676941,-0.09624424861065144,-0.5049756479099635,-0.25576515122983423,-0.15114089182552212,-0.44465947918113835,-0.25855177417465325
-0.005829319806617361,-0.00798465622383517,0.00205461095515066,5.224446067586541e-05,-0.5346870422363281,-0.07106763869524002,-0.09192974103810185,-0.5025999105603401,-0.25567252470871327,-0.15114089182552212,-0.44465947918113835,-0.25855177417465325
-0.005548200678216979,-0.007994207937093021,0.0021612974369725163,5.265985237201676e-05,-0.531665563583374,-0.06899210810661316,-0.08811358703990896,-0.5004797555602384,-0.2555667891881323,-0.15114089182552212,-0.44465947918113835,-0.25855177417465325
-0.005253213937568112,-0.007923884167177247,0.002262581800783887,5.2905459597241133e-05,-0.528626024723053,-0.06742347776889801,-0.08473635164740731,-0.49858404197776696,-0.25545543163219875,-0.15114089182552212,-0.44465947918113835,-0.25855177417465325
-0.004945096897896266,-0.007774387565950907,0.002358210888423118,5.3107214625924826e-05,-0.528023362159729,-0.06596562266349792,-0.08175985624482142,-0.4969103108446839,-0.25534041800163765,-0.15114089182552212,-0.44465947918113835,-0.25855177417465325
-0.004624619691336349,-0.007547211854036434,0.002447945676973784,5.217646685196087e-05,-0.534331738948822,-0.06332682073116302,-0.07917612980400032,-0.49550194275222736,-0.2552083965238651,-0.15114089182552212,-0.44465947918113835,-0.25855177417465325
-0.004292583344003479,-0.007244626896052991,0.0025315618761974764,5.1040464313700795e-05,-0.5446828603744507,-0.05937851965427399,-0.07696211786700806,-0.49436774384995,-0.25504610944619494,-0.15114089182552212,-0.44465947918113835,-0.25855177417465325
-0.0039498177738447795,-0.006869656020879436,0.0026088504891426164,4.981286474503577e-05,-0.5563262701034546,-0.05455633997917175,-0.07508219662201368,-0.493487241559876,-0.2548469688942348,-0.15114089182552212,-0.44465947918113835,-0.25855177417465325
-0.003597179716276799,-0.006426045813551621,0.00267961833452797,4.8500558477826416e-05,-0.5691879391670227,-0.04890882968902588,-0.07350515279211395,-0.4928413261280054,-0.2546057378242061,-0.15114089182552212,-0.44465947918113835,-0.25855177417465325
-0.003235550582793121,-0.0059182286806231475,0.002743688529595253,4.768471990246326e-05,-0.5875744223594666,-0.04466252028942108,-0.07223287855847015,-0.49245412266199895,-0.2543438270642254,-0.15114089182552212,-0.44465947918113835,-0.25855177417465325
-0.0028658342578946165,-0.0053512785630241725,0.0028009009322239138,4.75168926641345e-05,-0.6128921508789062,-0.0416128933429718,-0.07127916125022826,-0.492358458214309,-0.25407769816719955,-0.15114089182552212,-0.44465947918113835,-0.25855177417465325
-0.0024889548398490187,-0.004730860238920995,0.0028511125412030206,4.806829383596778e-05,-0.6178370714187622,-0.03711362183094025,-0.07047156993213381,-0.49232267529896706,-0.25379090408331817,-0.15114089182552212,-0.44465947918113835,-0.25855177417465325
-0.0021058543309264077,-0.004063172723124977,0.0028941978536598293,5.1117895054630935e-05,-0.5844482183456421,-0.03320296108722687,-0.06953876499800998,-0.49197014575684817,-0.2534927988638622,-0.15114089182552212,-0.44465947918113835,-0.25855177417465325
-0.0017174902828842155,-0.003354887328585825,0.002930049178751593,6.205750833032653e-05,-0.4464220106601715,-0.006882369518280029,-0.06791739078150053,-0.49025937794204494,-0.2529225860878695,-0.15114089182552212,-0.44465947918113835,-0.25855177417465325
-0.0013248334035864753,-0.002613081008837778,0.002958576906836591,8.152185182552785e-05,-0.3710135519504547,0.04117165505886078,-0.06614900813774426,-0.48794101225402237,-0.25185870347265976,-0.15114089182552212,-0.44465947918113835,-0.25855177417465325
-0.0009288651307396536,-0.0018451656474191378,0.0029797097334515656,0.00010107504203915596,-0.46913447976112366,0.10163342952728271,-0.06510544774043225,-0.48692493351004673,-0.250216993998417,-0.15114089182552212,-0.44465947918113835,-0.25855177417465325
-0.0005305751788096055,-0.0010588140007821844,0.002993394837535742,0.00012128947128076106,-0.4973489046096802,0.16552069783210754,-0.06442717815116662,-0.4862740884987882,-0.2480315932837882,-0.15114089182552212,-0.44465947918113835,-0.25855177417465325
-0.00013095906525073092,-0.00026188303464676254,0.0029995980134559746,0.00013262669381219894,-0.33184683322906494,0.2439686357975006,-0.06323821180274888,-0.483894459738238,-0.24521000120642017,-0.15114089182552212,-0.44465947918113835,-0.25855177417465325
0.00026898437776910777,0.0005376645802038278,0.0029983037565030142,9.065089398063719e-05,1.3078465461730957,0.1995983123779297,-0.06994522329946364,-0.4670279874067273,-0.2432333761419241,-0.15114089182552212,-0.44465947918113835,-0.25855177417465325
0.0006682554999288654,0.001331840028297274,0.002989515301645207,7.230702613014728e-05,2.2350194454193115,0.06285044550895691,-0.0860263929707407,-0.4540646861292282,-0.2430789048242612,-0.15114089182552212,-0.44465947918113835,-0.25855177417465325
0.0010658563313595518,0.002112708171075783,0.002973254615442759,6.170699634822085e-05,2.5748791694641113,0.017459094524383545,-0.10284905965655064,-0.44557099314440357,-0.24347357521692412,-0.15114089182552212,-0.44465947918113835,-0.25855177417465325
0.0014607930770490721,0.0028724668321773463,0.0029495623411427752,5.9614751080516726e-05,2.729869842529297,0.006304129958152771,-0.11850562241867821,-0.439694758496942,-0.24395138835893307,-0.15114089182552212,-0.44465947918113835,-0.25855177417465325
0.0018520786008123116,0.0036035247542031143,0.002918497697092306,5.793351010652259e-05,2.8734467029571533,-0.0044843703508377075,-0.13284312043403382,-0.43610597267031764,-0.24449808871311743,-0.15114089182552212,-0.44465947918113835,-0.25855177417465325
0.0022387348926174097,0.004298577448051798,0.0028801383287233246,5.817502096761018e-05,2.9452943801879883,-0.013248607516288757,-0.14565264367829212,-0.43376588775789154,-0.2450817222408576,-0.15114089182552212,-0.44465947918113835,-0.25855177417465325
0.002619795513101544,0.004950680176960314,0.002834580114479582,5.720533226849511e-05,2.95703125,-0.02102811634540558,-0.15694948066139047,-0.43184172569887574,-0.2456863264020137,-0.15114089182552212,-0.44465947918113835,-0.25855177417465325
0.0029943080091660674,0.005553317346017957,0.0027819369261704256,5.5836906540207565e-05,2.939248561859131,-0.028137117624282837,-0.1668487051234119,-0.4299447453728743,-0.2463015280733347,-0.15114089182552212,-0.44465947918113835,-0.25855177417465325
0.0033613362946131272,0.006100467603836822,0.0027223403443505886,5.481263360707089e-05,2.914806842803955,-0.034625157713890076,-0.1754968384938211,-0.42799664515190516,-0.24691877810593685,-0.15114089182552212,-0.44465947918113835,-0.25855177417465325
0.00371996298987377,0.0065866640059046525,0.0026559393294373177,5.55580118088983e-05,2.868110418319702,-0.038455620408058167,-0.18297047315804896,-0.42575377909844775,-0.2475067446046587,-0.15114089182552212,-0.44465947918113835,-0.25855177417465325
0.004069291714979002,0.007007048638487129,0.002582899849386917,5.672618863172829e-05,2.818465232849121,-0.04092778265476227,-0.18937561542655454,-0.423225692751568,-0.24805305663333116,-0.15114089182552212,-0.44465947918113835,-0.25855177417465325
0.004408449330042931,0.007357421157296159,0.00250340446486129,5.8673234889283776e-05,2.771533250808716,-0.04526546597480774,-0.19482374706136588,-0.4204857954974308,-0.24858451495064965,-0.15114089182552212,-0.44465947918113835,-0.25855177417465325
0.004736588117657796,0.007634280755941585,0.002417651872921349,6.078286241972819e-05,2.723196506500244,-0.04981105029582977,-0.19939881600812862,-0.4175541390785699,-0.24910532147788828,-0.15114089182552212,-0.44465947918113835,-0.25855177417465325
0.0050528879017459095,0.007834861144831336,0.0023258564103878637,6.289593147812411e-05,2.6724181175231934,-0.05413240194320679,-0.20316779119850642,-0.4144396343826957,-0.24961412272966005,-0.11611279023512144,-0.4645124793765434,-0.25118508674939044
0.005356558097572819,0.007957158191022705,0.0022282475181110086,6.597179162781686e-05,2.6168482303619385,-0.05734100937843323,-0.2061732026004066,-0.41112930763923067,-0.25009935022561547,-0.11611279023512144,-0.4645124793765434,-0.25118508674939044
0.005646839687797326,0.007999949942856166,0.00212506916748775,6.629775452893227e-05,2.6075503826141357,-0.0560639351606369,-0.2087638465941112,-0.4081220500792543,-0.25051143266845205,-0.11611279023512144,-0.4645124793765434,-0.25118508674939044
0.0059230071196195895,0.007962808839292472,0.0020165792506604044,6.670748553005978e-05,2.5847582817077637,-0.05493263900279999,-0.2109061117176289,-0.405247664401812,-0.25086084943266523,-0.11611279023512144,-0.4645124793765434,-0.25118508674939044
0.006184370118285291,0.007846105981961216,0.0019030489359205755,6.73132308293134e-05,2.55491304397583,-0.05333028733730316,-0.21260349180378063,-0.4024244460352887,-0.25114961613310977,-0.11611279023512144,-0.4645124793765434,-0.25118508674939044
0.0064302754124129675,0.007651007427236025,0.0017847619899296762,6.811126513639465e-05,2.5181710720062256,-0.05126763880252838,-0.21385405394829282,-0.3995862341753386,-0.25137963084244574,-0.11611279023512144,-0.4645124793765434,-0.25118508674939044
0.006660108366832318,0.007379462535384686,0.0016620140684500248,6.933751865290105e-05,2.4749934673309326,-0.04893159866333008,-0.21465233057433247,-0.3966846386958587,-0.25155474641692566,-0.11611279023512144,-0.4645124793765434,-0.25118508674939044
0.006873294518851975,0.007034184493205781,0.0015351119773594423,7.080667273839936e-05,2.4255199432373047,-0.04621760547161102,-0.2149873831136526,-0.3936848869821966,-0.2516771303398586,-0.11611279023512144,-0.4645124793765434,-0.25118508674939044
0.007069301014117082,0.006618623204763029,0.0014043729057963295,7.245184679049999e-05,2.3700737953186035,-0.043111324310302734,-0.21484467858414247,-0.39056714948190163,-0.25174852096209904,-0.13381427753640415,-0.4558432544323562,-0.25111896285967006
0.0072476379384677015,0.006136930821084223,0.0012701236333519917,7.213866047095507e-05,2.295954942703247,-0.046073123812675476,-0.2140915559810691,-0.3872265709736272,-0.25184596330368586,-0.13381427753640415,-0.4558432544323562,-0.25111896285967006
0.007407859542469018,0.005593920253240782,0.00113269971329188,7.085521065164357e-05,2.2098758220672607,-0.05209839344024658,-0.21264604588253153,-0.3836555761012998,-0.2520021232029403,-0.13381427753640415,-0.4558432544323562,-0.25111896285967006
0.007549565355552838,0.004995017083331131,0.0009924446338471409,6.95042617735453e-05,2.1180882453918457,-0.05844080448150635,-0.2104829327133946,-0.37991730206428365,-0.2522136366882159,-0.13381427753640415,-0.4558432544323562,-0.25111896285967006
0.0076724011869854095,0.004346205353857959,0.0008497089596729579,6.809879414504394e-05,2.0213961601257324,-0.06504933536052704,-0.207586019393758,-0.37609172437815663,-0.25247694088383416,-0.13381427753640415,-0.4558432544323562,-0.25111896285967006
0.007776060011159808,0.0036539677771535426,0.0007048494556194692,6.665274850092828e-05,1.9206578731536865,-0.07186976820230484,-0.20395212679409525,-0.37227227540271407,-0.2527882605613947,-0.13381427753640415,-0.4558432544323562,-0.25111896285967006
0.00786028273500008,0.002925220962260944,0.0005582281950054272,6.537234730785713e-05,1.8202455043792725,-0.07728369534015656,-0.19963403166230584,-0.36856997670228486,-0.25312538868275636,-0.13381427753640415,-0.4558432544323562,-0.25111896285967006
0.007924858845558963,0.0021672463064629525,0.0004102116546235008,6.31219518254511e-05,1.7348875999450684,-0.08317898958921432,-0.1948590036792269,-0.365113051107287,-0.25349081439355725,-0.13381427753640415,-0.4558432544323562,-0.25111896285967006
0.007969626936190653,0.001387617241967137,0.00026116979873911034,6.0419930377975106e-05,1.6532913446426392,-0.08999241888523102,-0.18971251925949922,-0.36196085819678053,-0.2538918073518628,-0.13381427753640415,-0.4558432544323562,-0.25111896285967006
0.007994475109983343,0.0005941235646748622,0.0001114751543724739,5.76612728764303e-05,1.5839930772781372,-0.09733971953392029,-0.1843770835650205,-0.3591563542987343,-0.2543302675630454,-0.13381427753640415,-0.4558432544323562,-0.25111896285967006
0.007999341259443224,-0.00020530639888447592,-3.849811982495027e-05,5.7047203881666064e-05,1.5312669277191162,-0.09828253090381622,-0.1790680913467854,-0.3566975498847705,-0.2547270907171957,-0.13381427753640415,-0.4558432544323562,-0.25111896285967006
0.007984213221730893,-0.0010026850087714611,-0.00018837516877225064,5.745447560911998e-05,1.477264165878296,-0.09627964347600937,-0.173768649753837,-0.35457333338158864,-0.2550529721105118,-0.13381427753640415,-0.4558432544323562,-0.25111896285967006
0.007949128809062102,-0.0017900451214943713,-0.00033778137790150647,5.702178168576211e-05,1.4047609567642212,-0.09563715755939484,-0.16826794776406057,-0.3528125653055957,-0.25533226523370134,-0.13381427753640415,-0.4558432544323562,-0.25111896285967006
0.007894175714196906,-0.0025595196950735847,-0.0004863433094991548,5.64014699193649e-05,1.3323816061019897,-0.09542593359947205,-0.16260166394739065,-0.3514321332214841,-0.2555755831301838,-0.15759342911766505,-0.4302801043967833,-0.25277208156361186
0.007819491291253458,-0.003303420393924347,-0.0006336896361057545,5.664990021614358e-05,1.2744977474212646,-0.0935550108551979,-0.1569646131128461,-0.35039345437423475,-0.2557679107344401,-0.15759342911766505,-0.4302801043967833,-0.25277208156361186
0.0077252622123942195,-0.004014314408164594,-0.0007794520686412675,5.739617336075753e-05,1.2262351512908936,-0.09074480086565018,-0.15146945123790734,-0.34965363174489283,-0.2559044190810063,-0.15759342911766505,-0.4302801043967833,-0.25277208156361186
0.007611724001242779,-0.004685098719794403,-0.0009232662769359727,5.800359940622002e-05,1.1813210248947144,-0.08808177709579468,-0.1461442135373628,-0.34918778788086113,-0.2559935135216022,-0.1583352544787176,-0.42443736722016856,-0.2535009379382177
0.007479160444197464,-0.0053090710737037404,-0.001064772800366115,5.8359873946756124e-05,1.1458368301391602,-0.08655019849538803,-0.14107764232257414,-0.3489402041112384,-0.2560540654278081,-0.1583352544787176,-0.42443736722016856,-0.2535009379382177
0.007327902881113114,-0.005879996944390222,-0.0012036179463183019,5.823257379233837e-05,1.1032378673553467,-0.08727028220891953,-0.13617150823232463,-0.34893727160992355,-0.2561157442859822,-0.1583352544787176,-0.42443736722016856,-0.2535009379382177
0.007158329377124027,-0.006392171829276928,-0.0013394546742368017,5.748502735514194e-05,1.0475671291351318,-0.08853510022163391,-0.1312839702574607,-0.3492442345929673,-0.2561847629151054,-0.1583352544787176,-0.42443736722016856,-0.2535009379382177
0.0069708637776780095,-0.006840478246216562,-0.0014719434630442144,5.68892210139893e-05,0.9958096146583557,-0.09014198184013367,-0.12646939019693418,-0.3498305559860276,-0.25626422484456474,-0.1572870729474029,-0.4182176561813228,-0.25437595970683813
0.006765974649143467,-0.0072204368656814955,-0.0016007531597673577,5.674933345289901e-05,0.9390771985054016,-0.09152081608772278,-0.12168914328956217,-0.35072274735203096,-0.2563502171988998,-0.1572870729474029,-0.4182176561813228,-0.25437595970683813
0.006544174107637553,-0.007528251266743629,-0.0017255618072472081,5.700734618585557e-05,0.8782125115394592,-0.09260748326778412,-0.11692408303115182,-0.3519446958512969,-0.25643855063340987,-0.15595522261792014,-0.4151429653564741,-0.2548350384217942
0.00630601653900253,-0.007760845869657483,-0.0018460574488641623,5.7177647249773145e-05,0.8221478462219238,-0.09351418912410736,-0.112240791961093,-0.353451653103005,-0.2565268466107596,-0.15595522261792014,-0.4151429653564741,-0.2548350384217942
0.006052097213129927,-0.007915896666036286,-0.00196193890826709,5.725851224269718e-05,0.7711853384971619,-0.09423516690731049,-0.1076956270053156,-0.35519330316164555,-0.25661294536952767,-0.15595522261792014,-0.4151429653564741,-0.2548350384217942
0.005783050796095809,-0.007991854439575596,-0.0020729165421573773,5.724894435843453e-05,0.7255575656890869,-0.09476638585329056,-0.10333471087232599,-0.3571157753830754,-0.2566948998071097,-0.15595522261792014,-0.4151429653564741,-0.2548350384217942
0.005499549763826074,-0.007987960245310516,-0.002178712964246342,5.714857252314687e-05,0.6854322552680969,-0.09510546177625656,-0.09919437514409826,-0.35916356169391384,-0.2567709690360889,-0.15164274876352152,-0.4092728958183405,-0.25572818597822256
0.005202302721256935,-0.007904252992742895,-0.002279063738576464,5.695762956747785e-05,0.6509063839912415,-0.09525144845247269,-0.09530188330603628,-0.3612813489432597,-0.2568396102710064,-0.15164274876352152,-0.4092728958183405,-0.25572818597822256
0.004892052631191526,-0.007741569057070442,-0.0023737180404735992,5.667705408995971e-05,0.6220089197158813,-0.09520550817251205,-0.09167641675046995,-0.3634156323766259,-0.2568994794917723,-0.15164274876352152,-0.4092728958183405,-0.25572818597822256
0.004569574957279898,-0.007501533922402239,-0.002462439283478008,5.684450297849253e-05,0.6087906360626221,-0.09571227431297302,-0.08839759535376568,-0.36541983371933723,-0.2569580665758781,-0.15164274876352152,-0.4092728958183405,-0.25572818597822256
0.004235675725763714,-0.0071865459404588375,-0.002545005710687307,5.7352008298039436e-05,0.6118327379226685,-0.09675554931163788,-0.08553349817276795,-0.36715517101479733,-0.2570217730492869,-0.15164274876352152,-0.4092728958183405,-0.25572818597822256
0.003891189510830385,-0.006799752367034609,-0.002621210949033243,5.787476402474567e-05,0.6247457265853882,-0.09788478910923004,-0.08310129718456573,-0.368560483015777,-0.2570909843328379,-0.15164274876352152,-0.4092728958183405,-0.25572818597822256
0.0035369773486123154,-0.0063450179156582815,-0.0026908645251068667,5.840287485625595e-05,0.64481520652771,-0.09898198395967484,-0.08110054393775133,-0.3696097522615439,-0.25716466530110843,-0.15164274876352152,-0.4092728958183405,-0.25572818597822256
0.0031739245850448965,-0.005826886142652747,-0.0027537923412428796,5.893443449167535e-05,0.6716002821922302,-0.10004562884569168,-0.07953160277586221,-0.3702871833809723,-0.25724188762895794,-0.15164274876352152,-0.4092728958183405,-0.25572818597822256
0.0028029386629628357,-0.005250534049422302,-0.0028098371106731134,5.768963455921039e-05,0.7150943279266357,-0.1057545468211174,-0.07847969619328451,-0.3704984237578902,-0.25737628421593406,-0.15164274876352152,-0.4092728958183405,-0.25572818597822256
0.002424946853965618,-0.004621720355565854,-0.002858858750661541,5.6321143347304314e-05,0.7650829553604126,-0.11149969696998596,-0.07795143764096368,-0.3702599490980448,-0.2575613751844029,-0.15164274876352152,-0.4092728958183405,-0.25572818597822256
0.0020408939407213812,-0.003946727959654201,-0.0029007347326381726,5.3199633839540184e-05,0.8248727917671204,-0.11256352066993713,-0.07798370574126157,-0.36956433894925494,-0.2577366239450183,-0.15164274876352152,-0.4092728958183405,-0.25572818597822256
0.0016517398555023729,-0.0032323011625845204,-0.002935360388456653,5.0646718591451645e-05,0.8890103697776794,-0.11388317495584488,-0.0785767071896609,-0.3684654172084526,-0.2579061839476149,-0.15164274876352152,-0.4092728958183405,-0.25572818597822256
0.001258457280854082,-0.002485578280754978,-0.0029626491720101313,5.093474464956671e-05,0.9419223070144653,-0.10644559562206268,-0.07958051192191005,-0.36711584286843474,-0.25796890478098145,-0.15164274876352152,-0.4092728958183405,-0.25572818597822256
0.0008620292183955384,-0.001714020322367074,-0.002982532875551446,7.446925883414224e-05,0.8558267951011658,-0.05637408792972565,-0.07964898116417703,-0.36651555207789377,-0.25744026373153667,-0.15164274876352152,-0.4092728958183405,-0.25572818597822256
0.00046344653182715844,-0.0009253364394978955,-0.002994961800176977,9.444302850170061e-05,0.8249599933624268,0.05237814784049988,-0.07943893145503182,-0.36622598024886843,-0.255703287926482,-0.15164274876352152,-0.4092728958183405,-0.25572818597822256
6.370547028748453e-05,-0.00012740690080078598,-0.0029999048800480196,0.0001098535067285411,0.25495073199272156,0.21542391180992126,-0.07612254747194293,-0.3716707523242293,-0.2522862831121833,-0.15164274876352152,-0.4092728958183405,-0.25572818597822256
-0.00033619482175072633,0.0006717956455339747,-0.002997349760039202,0.0001280878932448104,-1.3200855255126953,0.16887784004211426,-0.08140285193104932,-0.3905176364239963,-0.24981383690821357,-0.15164274876352152,-0.4092728958183405,-0.25572818597822256
-0.0007352548018214531,0.001464285831844704,-0.0029873028266198657,9.077389404410496e-05,-2.225033760070801,0.07870316505432129,-0.09600895498237047,-0.40518527418051875,-0.24868469978303712,-0.15164274876352152,-0.4092728958183405,-0.25572818597822256
-0.001132477027800925,0.0022421453581521838,-0.002969789191891217,7.110024307621643e-05,-2.762195110321045,0.004102081060409546,-0.11263217773402867,-0.4131706276070964,-0.24856294159526648,-0.15164274876352152,-0.4092728958183405,-0.25572818597822256
-0.001526868650993515,0.002997602109195696,-0.0029448526308191534,6.862116424599662e-05,-2.967379331588745,-0.03819705545902252,-0.12790721084045995,-0.4178910740589297,-0.24895058548697932,-0.15164274876352152,-0.4092728958183405,-0.25572818597822256
-0.0019174438977364572,0.003723107810839669,-0.002912555471819644,7.167751027736813e-05,-2.9137158393859863,-0.04883643984794617,-0.14121869108569246,-0.42265853776991186,-0.2494160744759774,-0.15164274876352152,-0.4092728958183405,-0.25572818597822256
-0.0023032265333205225,0.004411413449933525,-0.002872978440970154,7.586527499370277e-05,-2.80911922454834,-0.05036817491054535,-0.1525941067293139,-0.4280277398086637,-0.2498436040426142,-0.15164274876352152,-0.4092728958183405,-0.25572818597822256
-0.0026832523020684906,0.0050556417040550795,-0.0028262204602364856,8.096176316030324e-05,-2.710603952407837,-0.0466451495885849,-0.16217772351721735,-0.43382139526213065,-0.25017632192543887,-0.15164274876352152,-0.4092728958183405,-0.25572818597822256
-0.003056571337472073,0.005649355657442675,-0.002772398400219389,8.60795917105861e-05,-2.607539176940918,-0.042812198400497437,-0.17005435341051534,-0.4399873812893893,-0.2504243130135695,-0.15164274876352152,-0.4092728958183405,-0.25572818597822256
-0.0034222505363635555,0.006186623116529801,-0.0027116467880389187,8.625846385257319e-05,-2.614734172821045,-0.04294990003108978,-0.1770282785457712,-0.4453408680186359,-0.250644154799187,-0.15164274876352152,-0.4092728958183405,-0.25572818597822256
-0.0037793758911877293,0.006662075882462239,-0.002644117471086704,8.583927410654724e-05,-2.6309194564819336,-0.04348248243331909,-0.18325890041371767,-0.4498875051889632,-0.25084384096663864,-0.15164274876352152,-0.4092728958183405,-0.25572818597822256
-0.004127054774544875,0.007070963388366646,-0.0025699792374865274,8.540114504285157e-05,-2.6422884464263916,-0.043931156396865845,-0.18880593850738947,-0.4537721327681497,-0.25102480926611437,-0.15164274876352152,-0.4092728958183405,-0.25572818597822256
-0.004464418170294235,0.007409200165444228,-0.0024894173942119477,8.494417124893516e-05,-2.6485512256622314,-0.04429464042186737,-0.19372201642586476,-0.457126140135129,-0.2511883099955656,-0.15164274876352152,-0.4092728958183405,-0.25572818597822256
-0.004790622845641897,0.007673406663624644,-0.002402633303915354,8.446874562650919e-05,-2.649477481842041,-0.04457135498523712,-0.19805315812719781,-0.4600680592032471,-0.2513354250024459,-0.15164274876352152,-0.4092728958183405,-0.25572818597822256
-0.005104853458783602,0.007860943018913127,-0.0023098438816262085,8.397539204452187e-05,-2.6448938846588135,-0.04476034641265869,-0.20183905426897014,-0.4627040601489201,-0.2514670952028508,-0.15164274876352152,-0.4092728958183405,-0.25572818597822256
-0.005406324596834614,0.00796993543003891,-0.0022112810525764435,8.346479444298893e-05,-2.6346936225891113,-0.04486122727394104,-0.20511324996706295,-0.4651282403629322,-0.25158414410045077,-0.15164274876352152,-0.4092728958183405,-0.25572818597822256
-0.005694282738952985,0.007999294880858137,-0.0021071911725081406,8.293804421555251e-05,-2.618830680847168,-0.04487326741218567,-0.20790324428181145,-0.4674228902854126,-0.2516872878581897,-0.15164274876352152,-0.4092728958183405,-0.25572818597822256
-0.005968008139749095,0.00794872802144316,-0.001997834411912516,8.23963709990494e-05,-2.59732723236084,-0.044796884059906006,-0.21023065555297446,-0.46965860641837953,-0.251777161577864,-0.15164274876352152,-0.4092728958183405,-0.25572818597822256
-0.006226816628274388,0.007818740099138069,-0.001883484105739158,8.218935545301065e-05,-2.570997714996338,-0.043885111808776855,-0.2121163801276585,-0.4718874433417503,-0.25184559320153593,-0.12794094278907978,-0.40906483953726186,-0.25576246750830733
-0.006470061318092406,0.007610629910294244,-0.0017644260702010122,8.203714241972193e-05,-2.539403200149536,-0.04274246096611023,-0.21357194767464657,-0.4741567405487553,-0.2518924565549722,-0.12794094278907978,-0.40906483953726186,-0.25576246750830733
-0.006697134224157974,0.007326476823126552,-0.0016409578883827068,8.190763765014708e-05,-2.5026869773864746,-0.04144315421581268,-0.2146038104164542,-0.47650325377265745,-0.25191850788348497,-0.12794094278907978,-0.40906483953726186,-0.25576246750830733
-0.006907467782463245,0.006969120001353411,-0.0015133881664377842,8.180050645023584e-05,-2.4611198902130127,-0.039993345737457275,-0.2152146029889927,-0.47895255569206024,-0.2519244843548439,-0.12794094278907978,-0.40906483953726186,-0.25576246750830733
-0.0071005362686520366,0.006542130036211535,-0.0013820357622340877,8.155492832884192e-05,-2.416022539138794,-0.03888648748397827,-0.21541165196256007,-0.48151045595555986,-0.2519168034795249,-0.12794094278907978,-0.40906483953726186,-0.25576246750830733
-0.007275857112057001,0.006049773270288504,-0.0012472289883751172,7.973330502863973e-05,-2.3815834522247314,-0.04354633390903473,-0.21531112143478534,-0.48405641893245777,-0.25196451816043075,-0.12794094278907978,-0.40906483953726186,-0.25576246750830733
-0.007432992101874958,0.005496969169637914,-0.0011093047915895094,7.861605263315141e-05,-2.3483989238739014,-0.04799602925777435,-0.21494913888647554,-0.48657183860736153,-0.2520585139474416,-0.12794094278907978,-0.40906483953726186,-0.25576246750830733
-0.007571548482465672,0.0048892411701007684,-0.0009686079105397055,7.723065937170759e-05,-2.32480525970459,-0.05395403504371643,-0.21442941599775928,-0.48897392639706383,-0.25221084825696594,-0.12794094278907978,-0.40906483953726186,-0.25576246750830733
-0.007691179935036455,0.0042326614889601905,-0.0008254900141547909,7.57708476157859e-05,-2.3002543449401855,-0.060177773237228394,-0.2137578195685041,-0.4912784338067863,-0.2524176015349367,-0.12794094278907978,-0.40906483953726186,-0.25576246750830733
-0.007791587443258726,0.0035337904533537905,-0.0006803088226413777,7.495743193430826e-05,-2.1584441661834717,-0.06433652341365814,-0.21185639961123845,-0.49431656670925844,-0.25264810749523103,-0.12794094278907978,-0.40906483953726186,-0.25576246750830733
-0.007872520040653147,0.0027996109516532975,-0.000533427213369347,7.367238868027925e-05,-1.9941037893295288,-0.06721663475036621,-0.20850528379983518,-0.49791619289714517,-0.2528845771609137,-0.12794094278907978,-0.40906483953726186,-0.25576246750830733
-0.007933775437875115,0.0020374586627522257,-0.0003852123138674152,7.237188401632011e-05,-1.8257184028625488,-0.07004789263010025,-0.20370420339915346,-0.5017347750039471,-0.25312571818600493,-0.12794094278907978,-0.40906483953726186,-0.25576246750830733
-0.007975200528332768,0.00125494876038728,-0.00023603458419552045,7.074695167830214e-05,-1.6486945152282715,-0.07437767088413239,-0.19744406905361706,-0.5054332719925885,-0.2533884486277426,-0.12794094278907978,-0.40906483953726186,-0.25576246750830733
-0.007996691770873738,0.00045989982483939654,-8.62668909875615e-05,6.826312892371789e-05,-1.4540345668792725,-0.08287333697080612,-0.1896688480599904,-0.5086361337259392,-0.253718743328211,-0.12794094278907978,-0.40906483953726186,-0.25576246750830733
-0.00799819544858409,-0.0003397442777356122,6.371642452093804e-05,6.52477829135023e-05,-1.3205411434173584,-0.08678489923477173,-0.18129837189245324,-0.511167073299844,-0.2540550033497616,-0.12794094278907978,-0.40906483953726186,-0.25576246750830733
-0.007979707803052648,-0.0011359937677920136,0.00021354048215100764,6.230214785318822e-05,-1.270899772644043,-0.08417154848575592,-0.17337477404188992,-0.5132396459157735,-0.2543204476085605,-0.12794094278907978,-0.40906483953726186,-0.25576246750830733
-0.007941275043765062,-0.0019208927836302512,0.000362830799785433,6.073997792555019e-05,-1.2270506620407104,-0.08211798965930939,-0.1659164014710982,-0.5149037057948953,-0.25453009492311635,-0.12794094278907978,-0.40906483953726186,-0.25576246750830733
-0.007882993232604161,-0.0026865988737371353,0.000511214229379012,6.080023740651086e-05,-1.1867589950561523,-0.08076806366443634,-0.15891352255871774,-0.5162020643769581,-0.2546988427790157,-0.12794094278907978,-0.40906483953726186,-0.25576246750830733
-0.0078050080437452605,-0.0034254613559692084,0.000658319889634378,5.608440551441163e-05,-1.1509569883346558,-0.09183098375797272,-0.15237131351654742,-0.5171711069302275,-0.2549762947038704,-0.12794094278907978,-0.40906483953726186,-0.25576246750830733
-0.007707514399546608,-0.004130097760639416,0.0008037800930120289,5.1702765631489456e-05,-1.118066430091858,-0.10041453689336777,-0.1462710981607312,-0.5178532742577286,-0.2553204160651223,-0.12794094278907978,-0.40906483953726186,-0.25576246750830733
-0.007590755983344992,-0.004793467593714122,0.00094723126475773,5.503507418325171e-05,-1.0437613725662231,-0.09208562225103378,-0.14013511706635925,-0.5180547723363201,-0.25552624587803346,-0.14825809997891468,-0.4384895508697062,-0.2584951440578038
-0.007455024630374309,-0.005408942683102156,0.0010883148516500432,5.618583963951096e-05,-0.9617944359779358,-0.09029445797204971,-0.13392959449645275,-0.5177200723025044,-0.2556865065674454,-0.14825809997891468,-0.4384895508697062,-0.2584951440578038
-0.007300659598329476,-0.005970373405159331,0.0012266782181966395,5.56686136405915e-05,-0.878174901008606,-0.0918375626206398,-0.12769481316540096,-0.5168341440786236,-0.25584551548603385,-0.14825809997891468,-0.4384895508697062,-0.2584951440578038
-0.007128046719398827,-0.006472150129695252,0.0013619755280394206,5.683875497197732e-05,-0.824665367603302,-0.08607640862464905,-0.12173524716760196,-0.5156481902812021,-0.2559183044511649,-0.14825809997891468,-0.4384895508697062,-0.2584951440578038
-0.0069376174358846505,-0.006909259269543649,0.0014938686083652464,5.5734308261889964e-05,-0.7532712817192078,-0.08301540464162827,-0.11589818408359011,-0.5140203816745833,-0.2559466729300998,-0.14825809997891468,-0.4384895508697062,-0.2584951440578038
-0.006729847721822079,-0.007277333374668226,0.0016220277951618906,5.452262848848477e-05,-0.6728124022483826,-0.07959083467721939,-0.11014552508653884,-0.5118805529786113,-0.25593170209649774,-0.14825809997891468,-0.4384895508697062,-0.2584951440578038
-0.006505256893291891,-0.007572694770279702,0.001746132757206376,5.3171199397183955e-05,-0.6090874671936035,-0.077058345079422,-0.10463694432128189,-0.5094032180251772,-0.2558889884826602,-0.14825809997891468,-0.4384895508697062,-0.2584951440578038
-0.006264406310400789,-0.007792392302946612,0.0018658732967261975,5.1920986152254045e-05,-0.5550292134284973,-0.07479990273714066,-0.09944106049746536,-0.5066975188653772,-0.25582505286568624,-0.14825809997891468,-0.4384895508697062,-0.2584951440578038
-0.0060078979741734085,-0.007934230827544927,0.0019809501247322406,5.1932118367403746e-05,-0.5371648669242859,-0.07254397124052048,-0.09475876649606453,-0.5041393859153507,-0.25574246672594464,-0.14825809997891468,-0.4384895508697062,-0.2584951440578038
-0.005736373021863374,-0.007996793140422424,0.0020910756090853347,5.239749589236453e-05,-0.5336256623268127,-0.07033083587884903,-0.09061568617457771,-0.5018536484607017,-0.25564396328806965,-0.14825809997891468,-0.4384895508697062,-0.2584951440578038
-0.005450510124444,-0.007979454139629184,0.00219597449342684,5.273835267871618e-05,-0.5304467082023621,-0.06848070025444031,-0.0869496592534351,-0.49981098554592357,-0.25553568579563074,-0.14825809997891468,-0.4384895508697062,-0.2584951440578038
-0.005151023790284315,-0.007882387070729621,0.0022953845851761867,5.2996198064647615e-05,-0.5279984474182129,-0.06686395406723022,-0.08370802293925371,-0.4979894185058793,-0.25542152897058906,-0.14825809997891468,-0.4384895508697062,-0.2584951440578038
-0.004838662579250273,-0.007706561795790087,0.0023890574108757696,5.2860275900457054e-05,-0.5286208391189575,-0.06538394093513489,-0.08085805743811414,-0.4963932916751807,-0.25530379265506337,-0.14825809997891468,-0.4384895508697062,-0.2584951440578038
-0.004514207231694842,-0.007453735102837644,0.0024767588372452175,5.180502193979919e-05,-0.5376641154289246,-0.062099188566207886,-0.07840164531996333,-0.4950808806753915,-0.2551618311590486,-0.14825809997891468,-0.4384895508697062,-0.2584951440578038
-0.004178468717013852,-0.007126433152614891,0.0025582696563926197,5.0637536332942545e-05,-0.5484576225280762,-0.057852208614349365,-0.07630259340828521,-0.4940354185908875,-0.2549873047565702,-0.14825809997891468,-0.4384895508697062,-0.2584951440578038
-0.003832286206644769,-0.006727926238016812,0.0026333861337201215,4.938062920700759e-05,-0.5605198740959167,-0.05274657905101776,-0.07452681182391335,-0.49323694880325997,-0.254774077034832,-0.14825809997891468,-0.4384895508697062,-0.2584951440578038
-0.0034765249765751484,-0.0062621961084052,0.0027019205171543103,4.800304304808378e-05,-0.5733381509780884,-0.04696625471115112,-0.07304172258167044,-0.4926624578653411,-0.254518890973968,-0.14825809997891468,-0.4384895508697062,-0.2584951440578038
-0.0031120742446033235,-0.00573389618528526,0.002763701506428612,4.762853495776653e-05,-0.5959319472312927,-0.04367035627365112,-0.07187912627656311,-0.4923780815028801,-0.2542558048376913,-0.14825809997891468,-0.4384895508697062,-0.2584951440578038
-0.0027398449477569003,-0.005148305066855996,0.002818574681244768,4.7460096538998187e-05,-0.6217097640037537,-0.04052272439002991,-0.0710270979426385,-0.49237590002236203,-0.2539874943862678,-0.14825809997891468,-0.4384895508697062,-0.2584951440578038
-0.0023607674654247505,-0.0045112737860021,0.0028664028872431298,4.889638512395322e-05,-0.6066768169403076,-0.03564739227294922,-0.07017425015507725,-0.49223159755234025,-0.2536943812231532,-0.14825809997891468,-0.4384895508697062,-0.2584951440578038
-0.001975789293892967,-0.00382916734870732,0.00290706657881715,5.331847205525264e-05,-0.5522631406784058,-0.02873554825782776,-0.06907318100091397,-0.4915736705286896,-0.2533556151235862,-0.14825809997891468,-0.4384895508697062,-0.2584951440578038
-0.0015858726780976244,-0.0031088011370186946,0.002940464117915134,6.82040408719331e-05,-0.4030991792678833,0.008338958024978638,-0.06729893203683113,-0.48944864119922443,-0.25262377663061847,-0.14825809997891468,-0.4384895508697062,-0.2584951440578038
-0.0011919922065135903,-0.002357372812002061,0.002966512028082438,8.804661774775013e-05,-0.40318813920021057,0.06136235594749451,-0.0657578817043593,-0.48757109261862625,-0.25135983433315073,-0.14825809997891468,-0.4384895508697062,-0.2584951440578038
-0.0007951323751907854,-0.0015823903970916982,0.0029851452031091365,0.0001077416745829396,-0.5036019086837769,0.1222187876701355,-0.06497233063375481,-0.48694106962487615,-0.24953865172745618,-0.14825809997891468,-0.4384895508697062,-0.2584951440578038
